label,Lyrics_trans
3, 환호와 기대 속에 첫 등장 남들과 차별화되는 순간 나갈 문은 없어 넌 넋이 나가게 돼 꼬마들 재롱잔치를 멈춰분위기는 벌써 무르익었고순식간에 객석을 정복카펫을 깔아 헹가래 받아터지는 박차를 가해 벌들아 더 세게 울어 웽웽무대가 떠나가게 비명 질러 땍땍 아무나 데려 오시고마음 내키는 대로 움직여 시간 다 됐어 정적을 깨워 적당히 할 생각 버려 엄지를 세워 열기를 불태워이 구역의 미친놈들 모여라 안 나오면 쳐들어간다조 조여 들어간다안 나오면 쳐들어간다 안 나오면 쳐들어간다조 조여 들어간다안 나오면 쳐들어간다 폭주 하는 일곱 악당빨간 불로는 못 막아내 밑으로 주목 한다전방에 힘찬 함성 발사 거기 너 똥 폼 잡지마손들어 벌 좀 받자하나가 된 듯이 단합을 해 벌들아 더 세게 울어 웽웽무대가 떠나가게 비명 질러 땍땍 꽃미남들은 기를 써센 척 해도 너무 귀여운걸 깽판 부려 개판 분전이런 컨셉은우리가 전문이야 시간 다 됐어 정적을 깨워적당히 할 생각들은 갖다버려 엄지를 세워 열기를 불태워이 구역의 미친놈들 모여라 Guess Whos back Ayo Pop 우리가 다시 그것을 했다 man Aight do go show time 의심할 여지 없이 Getcha Getcha ya 여기 Getcha Getcha ya Get on Rock N Roll 나는 매우 좋아 나는 지금 당장 락하고 싶어 나는 지금 당장 락하고 싶어 매우 좋아 나는 지금 당장 락킹 정글 팝 보틀 몇 개나 하고 싶어 가짜 MC 겟차 겟차야 여기 겟차 겟차야 겟차야 겟차야 겟차야 나는 바보야 나는 매우 좋아 나는 지금 당장 락하고 싶어 나는 지금 당장 락하고 싶어 매우 좋아 나는 지금 당장 락하고 싶어 나는 지금 당장 락하고 싶어 나는 지금 당장 락하고 싶어 나는 너를 위해 무엇을 할 수 있어 Uhight 야 나는 약간의 소음을 만들어 바보야 나는 매우 좋아준비됐니 나는 매우 좋아 나는 지금 락을 원해 나는 지금 락을 원해 나는 지금 락을 원해 매우 좋아 나는 지금 락을 원해 나는 지금 락을 원해 나는 지금 락을 원해
3, 나는 너무 오랫동안 내려와서 내 위에 있는 것처럼 보인다. 그들은 나를 올려다본다. 나는 가짜 사람들이 나에게 가짜 사랑을 보여준다. 나는 내 얼굴 위에 있다. 그들은 나에게 가짜 사랑을 보여준다. 그들은 나에게 가짜 사람들이 나의 얼굴을 향해 똑바로 내 얼굴을 향해 있다. 우리가 무언가를 말할 때 우리가 바로 무언가를 말할 때 우리는 대화를 나눈다 너의 문제에 숨긴 것처럼 보인다 너는 결코 견고하지 않았다 너는 나를 아들로 만들 수 없다 너는 절대 나를 운영할 수 없다 똥이 닿지 않는 곳을 볼 때 나는 하나의 셋처럼 다시 손을 뻗는다 하나의 셋처럼 그들이 내 얼굴에서 웃을 때 그 때 내내 그들은 내 자리를 차지하고 싶어 한다그들이 내 자리를 차지하고 싶어하는 내내그들이 내 자리를 차지하고 싶어하는 내내응 나는 그들이 내 자리를 차지하고 싶어한다는 것을 알아 나는 사랑이 가짜라는 것을 알 수 있어 나는 네가 하는 말을 믿지 않아실수한 후에 어떻게 뭉치고 싶어하는지 얼굴을 보고 싶어 그리고 예전 같지 않아 나는 너무 오랫동안 아래로 내려왔어 그들은 나를 올려다봐 가짜 사람들이 나에게 가짜 사랑을 보여줬어 나는 내 얼굴을 똑바로 내려다봤어 그들은 나에게 가짜 사랑을 보여줬어 그들은 나에게 가짜 사랑을 보여줬어 그들은 나에게 가짜 사랑을 보여줬어 바로 위로 올려줘yes 내 얼굴을 똑바로 쳐다봐 yes face raight to my facetry now it safe switch like night and day 나는 그것을 바로 볼 수 있어 나는 그것을 바로 볼 수 있어 나는 네가 변했고 나는 그 연극 전체를 잡은 이후로 모든 것이 예전 같지 않았다그때 그들은 내 얼굴에 미소를 짓는다 그들은 내내 내 자리를 차지하고 싶어 한다그들이 내 자리를 차지하고 싶어하는 내내그들이 내 자리를 차지하고 싶어하는 내내응 나는 그들이 내 자리를 차지하고 싶어한다는 것을 알아 나는 사랑이 가짜라는 것을 말할 수 있어 나는 사랑이 가짜라는 것을 말할 수 있어 나는 네가 말한 한 마디도 믿지 않아 나는 한 마디도 믿지 않아당신의 실수를 어떻게 정리하고 싶은지그것은 내가 들은 것이다. 내가 너의 얼굴을 바라봐 그리고 그것은 단지 같지 않다. 나는 너무 오랫동안 아래로 내려왔다. 그들은 나에게 가짜 사랑을 보여주었다. 그들은 나에게 가짜 사랑을 보여주었다. 그들은 나에게 가짜 사랑을 보여주었다. 그들은 내 얼굴을 똑바로 쳐다보았다. 그들은 나에게 가짜 사랑을 보여주었다. 그들은 나에게 가짜 사랑을 보여주었다 내 면전에서
3, 어델 어델 봐너 감히 누구라고 날 제껴이쯤에서 물러나고입 닫는게 좋을걸아님 어디 한번기어 올라와 보던가널 짝사랑을 했었니소꿉장난처럼 어릴 때엔간히 끼를 좀 끼를 좀 끼를 좀네가 부렸겠니소싯적 추억 팔이그리 재밌니내 남잔 지금 너 따윈 꿈도 못 꿀 날 가진 그런 보다시피 꺼져줘내 거에서 손 떼 너 다시 태어나도 안될걸 착한 남자들에게너는 독배 같은 것마실수록 외로워 넘지 말아 네가 비빌 곳이 아니야 저울질로 가린 건참지 못할 가벼운네 마음일걸 그런다고 네게 되나 들어봐상상보다 너 같은 애들이 많긴 많아그러거나 말거나세상은 너를 빼고 돌아가 돌아가 재미를 또 찾니호의로 다가와이미 계산 끝나공해상의 보물선을 보기라도 한 듯막 들이대시작해 넌 좀 감당 못할 세계가 무대인 내 곁에서야 가능 보다시피 꺼져줘내 거에서 손 떼 너 다시 태어나도 안될걸 착한 남자들에게너는 독배 같은 것마실수록 외로워 넘지 말아 네가 비빌 곳이 아니야 저울질로 가린 건참지 못할 가벼운네 마음일걸 그와 함께했던 수많은 날들네 장난 같은 유혹에흔들리지 않아사랑이란 감정을거래하는 건 이제 그만 꺼져돌아가 네 세계다시는 착각은 말고남자들 다 똑같아내가 뜨면 시선집중여기저기 터져찍어라 찍어라 찍어라상상은 너의 가지가지 하기 전에속부터 더 나가면 넌 좀 다쳐 내 앞에서 좀 비켜줘 꺼져줘내 거에서 손 떼 너 다시 태어나도 안될걸 착한 남자들에게너는 독배 같은 것마실수록 외로워 넘지 말아 네가 비빌 곳이 아니야 저울질로 가린 건참지 못할 가벼운네 마음일걸 너는 반드시 뒤로 물러나야 한다 다른 레벨 나에게 가져오지 마라 뒤로 물러서라 뒤로 물러서라 뒤로 물러서라 그는 매일 아프다 그는 아프다 뒤로 물러서라 그는 매일 아프다 너는 좋은 마음을 가져야 한다 너는 재미있는 거래 레벨 우리 레벨 또 다른 레벨을 나에게 가져오지 마라 뒤로 물러나라 뒤로 물러나라 그는 매일 아프고 피곤한 국경선 뒤로 물러나라 뒤로 물러나라 그는 매일 아프고 피곤하다 플래시 프리덤 빌드업 소녀들 뒤로 물러나라 뒤로 물러나라 바보 같은 소녀들꿈속에 사는 유일한 소녀 뒤로 물러서라 뒤로 물러서라 뒤로 물러서라 뒤로 물러서라 뒤로 물러서라 뒤로 물러서라 뒤로 물러서라 그는 매일매일 아프고 피곤하다
3, 무엇을 원하는지 사는 대로 사네무엇을 원하는지 가는 대로 사네무엇을 원하는지 그냥 되는 대로 사네사는 대로 사네 가는 대로 사네그냥 되는 대로 사네사는 대로 사네 가는 대로 사네그냥 되는 대로 사네사는 대로 사네 가는 대로 사네그냥 되는 대로 사네사는 대로 사네 가는 대로 사네니가 진짜로 원하는게 뭐야니가 진짜로 원하는게 뭐야니가 진짜로 원하는게 뭐야니가 진짜로 원하는게 뭐야니가 진짜로 원하는게 뭐야니가 정말로 원하는게 뭐야니가 진짜로 원하는게 뭐야원칙가는 대로 가네원칙가는 대로 가네내 인생의 전부를 걸어보고 싶은 그런니가 정말 진짜로 원하던전부를 걸어보고 싶은 그런진짜로 원하는게 뭐야그 나이를 처먹도록 그걸하나 몰라그 나이를 처먹도록 그걸하나 몰라그 나이를 처먹도록 그걸하나 몰라그 나이를 처먹도록 그걸하나 몰라그 나이를 그 나이를 그 나이를 처먹도록 그걸하나 그걸하나 몰라그 나이를 그 나이를 그 나이를 처먹도록 그걸 그걸 그걸하나 몰라이거 아니면 죽음 정말이거 아니면 끝장 진짜내 전부를 걸어보고 싶은 그런니가 진짜로 원하는 게 뭐야니가 진짜로 원하는 게 뭐야니가 진짜로 원하는 게 뭐야니가 진짜로 원하는 게 뭐야니가 진짜로 원하는 게 뭐야사는 대로 사네 가는 대로 사네그냥 되는 대로 사네사는 대로 사네 가는 대로 사네그냥 되는 대로 사네사는 대로 사네 가는 대로 사네그냥 되는 대로 사네사는 대로 사네 가는 대로 사네그냥 되는 대로 사네니가 진짜로 원하는게 뭐야니가 진짜로 원하는게 뭐야니가 진짜로 원하는게 뭐야니가 진짜로 원하는게 뭐야니가 진짜로 원하는게 뭐야니가 정말로 원하는게 뭐야니가 진짜로 원하는게 뭐야원칙가는 대로 가네원칙가는 대로 가네내 인생의 전부를 걸어보고 싶은 그런니가 정말 진짜로 원하던전부를 걸어보고 싶은 그런진짜로 원하는게 뭐야그 나이를 처먹도록 그걸하나 몰라그 나이를 처먹도록 그걸하나 몰라그 나이를 처먹도록 그걸하나 몰라그 나이를 처먹도록 그걸하나 몰라그 나이를 그 나이를 그 나이를 처먹도록 그걸하나 그걸하나 몰라그 나이를 그 나이를 그 나이를 처먹도록 그걸 그걸 그걸하나 몰라그 나이를 처먹도록 그걸하나 몰라그 나이를 처먹도록 그걸하나 몰라그 나이를 처먹도록 그걸하나 몰라그 나이를 처먹도록 그걸하나 몰라이거 아니면 죽음 정말이거 아니면 끝장 진짜내 전부를 걸어보고 싶은 그런니가 진짜로 원하는게 뭐야이거 아니면 죽음 정말이거 아니면 끝장 진짜전부를 걸어보고 싶은 그런진짜로 원하는게 뭐야니가 진짜로 원하는게 뭐야  
3," 아무것도 필요 없어 대체 뭐가 더필요할 수 있겠어 난 그냥 뭐라도해야겠단 생각에집 밖을 나갔을 뿐인데니가 언짢아하면 난 할 말이 없어너는 열두 시가 되면전화기를 안 받아그러다 세 시 아님 다섯 시에문자가 와어쩌구저쩌구 방금 자다 깼어이거 듣는 사람그녀가 클럽에 있었단 건비밀로 해 줘왜냐면 난 걔를 좋아해걔가 어떤 앤지 알고서도 좋아해걔가 다른 남잘 만나는 걸알고 있지 나는근데 걔는 내가 모를 줄아는 만큼 꽤 순수해가슴의 찢어짐을 이기는 건 너답장의 기다림을 이기는 건 너너 그래 너 바로 너야필요할 때만 넌나를 사용해도 좋아너 정도 여자 만나려면어디까지 감당해야 하니오늘은 또 어디 가니세상은 원래 이런 건가 봐사랑은 원래 이런 건가 봐너는 블로거 같아좋은 곳을 많이 알지나랑 간 줄 알고너는 말실수를 하지세상은 원래 이런 건가 봐사랑은 원래 이런 건가 봐아무것도 필요 없어 대체 뭐가 더필요할 수 있겠어 난 그냥 뭐라도해야겠단 생각에집 밖을 나갔을 뿐인데니가 나를 안 만나 줬잖아내가 화를 내면너는 내게 찬물을 끼얹네너는 여신이니까 그래도 돼너는 여신이니까 여신이니까여신이니까너는 되고 나는 다 안 되는 게법이니까 이제 돈으로 사겠어정말 되게 쉽지옷 사준다는 말에바로 답장해서 고마워백화점을 전부 사줄게그게 얼마든돈도 필요 없어 대체 얼마를 더필요할 수 있겠어 난 그냥 널 봐서강아지마냥 기분이 좋아귀여워할 때만나를 사용해도 좋아너 정도 여자 만나려면어디까지 감당해야 하니오늘은 또 어디 가니세상은 원래 이런 건가 봐사랑은 원래 이런 건가 봐너는 블로거 같아좋은 곳을 많이 알지나랑 간 줄 알고너는 말실수를 하지세상은 원래 이런 건가 봐사랑은 원래 이런 건가 봐 니 연락 한 번에 녹아내리는날 알잖아 넌 나 보고 더 어떡하라구그냥 좋은 사람이고만 싶진않은데 이젠너 정도 여자 만나려면어디까지 감당해야 하니오늘은 또 어디 가니세상은 원래 이런 건가 봐사랑은 원래 이런 건가 봐너는 블로거 같아좋은 곳을 많이 알지나랑 간 줄 알고너는 말실수를 하지세상은 원래 이런 건가 봐사랑은 원래 이런 건가 봐 얼마야, 소녀 너에게 나는 무엇인지 그러니 내가 무엇을 해야 하는지 말해줘 소녀 너에게 나는 무엇인지"
3, 불타오르네 난 뭣도 없지해가 지고 난 후 비틀대며 걷지다 만신창이로 취했어 취했어막 욕해 길에서 길에서나 맛이 갔지 미친놈 같지다 엉망진창 삐이니 멋대로 살어 어차피 니 꺼야애쓰지 좀 말어 져도 괜찮아 손을 들어 소리질러 불타오르네싹 다 불태워라 싹 다 불태워라 전부 다 태울 것 같이 새벽이 다 갈 때까지그냥 살아도 돼 우린 젊기에그 말하는 넌 뭔 수저길래수저수저 거려 난 사람인데 니 멋대로 살어 어차피 니 꺼야애쓰지 좀 말어 져도 괜찮아 손을 들어 소리질러 불타오르네싹 다 불태워라 싹 다 불태워라 겁 많은 자여 여기로 괴로운 자여 여기로 맨주먹을 들고 진군하는 발걸음으로 뛰어봐 미쳐버려 다 싹 다 불태워라 싹 다 불태워라 싹 다 불태워라 싹 다 불태워라 용서해줄게 파이어 파이어 파이어 파이어내가 내 방에서 일어났을 때 얼바디처럼 livin la la la la la say la la la la burn up bow 와우 라라 라라 라라 라라 라라 라라 라라 라라 라라 라라 라라 라라 라라 라라 라라 라라 라라 라라 라라 라라 라라 라라 라 라 라 라 라 라 라 라 라 라 라 라 라 라 라 라 라 라 라 라 라 라 라 라 라 라 라 라 라 라 라 라 라 라 라 라 라 라 라 라 라 라 라 라 라 라 라 라 라 라 라 라 라 라 라 라 라 라 라 라 라 라 라 라 라r 보우 와우 와우 핫 핫 핫 핫 핫 핫 핫 핫 핫 보우 와우 불 보우 와우 불 보우 와우 불 보우 와우
3, 그냥 이렇게 할거야 이걸로 끝왜 평소 하던대로 해 봐 어이 봐 지금 가면 영원히 절대 안 봐속으로는 너를 못 가게걸고 싶지만 내가 도 아니고뒤도 안 보대바닥에 떨어뜨리더라 원래는 니 목에걸려있던 선물 끝났나 우리 권투사우나에 혼자 앉아서 수건을 걸고한숨만 셔 탕에서 나는 김은그 날의 너눈 앞에서 서서히 사라져니가 언급되면 모두 나의 눈치를 봐넌 나를 알잖아감정 잘 못 숨기는 그래서 표정이 차갑게 굳지 동상난 학교와 비유하면오로지 총장그런데 니가 나를 차두고 봐 그래 어 돌아와달라는 말은 마 가재채기해서 가루약 다 날려버렸어우리의 연을 놔 난 날려버렸어늦잠 잔 수험생 날려버렸어잉꼬 부인 난 날려버렸어재채기해서 가루약 다 날려버렸어우리의 연을 놔 난 날려버렸어늦잠 잔 수험생 날려버렸어잉꼬 부인 난 날려버렸어아 니 새 친구 생겼더라나도 있어얜 주일이 된 여자친구지 이뻐진짜로 나를 사랑해내게 잔소리 안 해나도 그래서 니 지금 만나는 걔 있지걔한테 잘 해귀찮게 하면 안 돼새벽에 우는 참새그게 니 문제야맨날 이래라 저래라대화는 없고 항상 훈계만생각하면 쑤신다 몸 여러 군데가진짜 피곤해 안 그래도너무 버거운 세상또 나 며칠 후에 해놀아 줄게 와걔랑 멋이라곤 하나 없는 추태남뭐 아니 솔직히걔가 나보다뭐가말빨이라도 있어 걔가 말하면 녹냐넌 음악 좋아해반면 걔는 뽕짝기본적인게 안 맞잖아 그래 잘 놀아재채기해서 가루약 다 날려버렸어우리의 연을 놔 난 날려버렸어늦잠 잔 수험생 날려버렸어잉꼬 부인 난 날려버렸어재채기해서 가루약 다 날려버렸어우리의 연을 놔 난 날려버렸어늦잠 잔 수험생 날려버렸어잉꼬 부인 난 날려버렸어넌 담배 연기내 속에 들어갔다 나갔어가슴이 아퍼이거 고칠 의사 좀 찾아창문 밖에서 들고제발 나와 줘딱 짜르며 상사처럼 그만 나와 좀학교인 척 하지 마 왜 전화를 꺼 놔차라리 도끼 하나 들고내 심장을 쳐라지금 이 상황이 재밌지그치 잼있지먼저 숙였잖아 모르냐고 내 위치나는 어디 가라고그래 난 어디 가냐고빗물처럼 굴러서 거리의 속으로모성애도 없는 못 된 여자그런 게 너야그냥 죽어버리면너는 장례식에 올까우는 것 좀 보고 싶어 맞어 그래후회 느꼈으면 좋겠다고나의 기분의 두 배치 그래 너 잘났다나중에 다시 받아달라고나 하지 마 잘 봐재채기해서 가루약 다 날려버렸어우리의 연을 놔 난 날려버렸어늦잠 잔 수험생 날려버렸어잉꼬 부인 난 날려버렸어재채기해서 가루약 다 날려버렸어우리의 연을 놔 난 날려버렸어늦잠 잔 수험생 날려버렸어잉꼬 부인 난 날려버렸어 팔 바 메두사 타입 보스 나는 신경쓰지 않아 파티 재즈 폰
3, 시간 시간 시간 시간 뺑이 쳤지때로는 친구처럼 때로는 가족처럼 하자기에 아침부터 새벽까지 몸 버리고 속 버리고 일했는데 이제 와서 필요 없다 이제 와서 나가라니 웬 말이냐 이씨 니가 시키는 대로 내가 다할 줄 아나 이씨 니가 시키는 대로 내가 당할 줄 아나 아씨 니가 시키는 대로 내가 당할 줄 아나 아씨 니가 시키는 대로 내가 당할 줄 아나 니 맘대로 일 시키고 니 맘대로 일 끝내도 참았는데 월급날을 기다리며 하루하루 다져가며 버텼는데 회사사정 어렵다고 임금체불 밥 먹듯이 해대더니 지 살 돈 챙겨 갖고 도망치고 어딜 갔냐 십장생아 이씨 니가 시키는 대로 내가 다할 줄 아나 이씨 니가 시키는 대로 내가 당할 줄 아나 아씨 니가 시키는 대로 내가 다할 줄 아나 아씨 니가 시키는 대로 내가 당할 줄 아나 못해 안 해 내 몸으로 일을 하고 남들처럼 살려는 게 욕심인가 치사하게 세금 걷고 대책 없다 말하는 게 대책인가 힘있으면 보호받고 힘없으면 무시해도 되는 건가 치사해서 못살겠다 더러워서 못살겠다 못 참겠다 이씨 니가 시키는 대로 내가 다할 줄 아나 이씨 니가 시키는 대로 내가 당할 줄 아나 아씨 니가 시키는 대로 내가 다할 줄 아나 아씨 니가 시키는 대로 내가 당할 줄 아나 이씨 니가 시키는 대로내가 다할 줄 아나이씨 니가 시키는 대로내가 당할 줄 아나못해 안 해  
3," 이건 바로 사랑과전쟁 우린 바로 전사 맘을 열어라고개를 들어라몸을 데워라가서 조져라 니가 뭘 알어니가 뭐를 알어내가 움직이기 시작하면전부 입 닫어다시 벌어지게 될거니까니 눈 코입 어깨 발 무릎 발 이건 바로 사랑과전쟁 이건 바로 사랑과전쟁맘을 열어라고개를 들어라몸을 데워라가서 조져라나 운율의 시라소니 마누라관자놀이 를 밝히는 아우라허리 밑에 손들은 잿가루가 될 테니위로 들어 흔들어 다 나와 놀아다같이 나눠 가져 지금의 짜릿함모두가 하나되는 아릿다움 담자 이제부터 미래가 시작된 다음펼쳐져 갇혀 있던 너의 속마음니가 뭘 알어니가 뭐를 알어내가 움직이기 시작하면전부 입닫어다시 벌어지게 될거니까니 눈 코입 어깨 발 무릎 발 이건 바로 사랑과전쟁 우린 바로 전사 모르면 외워 를 채워생각따위 집어쳐니 몸이 가는대로 내 세상을 움직이는 매직 이건 바로 사랑과전쟁 우린 바로 전사 맘을 열어라고개를 들어라몸을 데워라가서 조져라 내 입술을 봐봐 내 엉덩이를 봐봐 내가 이 세상을 다 죽이고 있는 것을 봐봐 키스해줘 날 봐봐 내 입술을 봐봐 내 엉덩이를 봐봐 내가 이 세상을 다 죽이고 있어 날 봐봐 날 봐봐 날 차는 소리를 들어봐 내가 할 수 있는 것처럼 내가 할 수 있는 것처럼 그것을 무너뜨리지만 내가 가장 기뻐할 때 그들은 내 주위에 있고 싶어한다고 믿지만 그들은 절대 오지 않아 냉정하게 대하지 마, 내가 이미 말했어, 내가 한 가장 나쁜 여자는 이미 너에게 보여줬다고. 내가 정상으로 가는 길에 미친듯이 내 노래가 아니야. 왜냐하면 내 입술을 쏜 사람이 내 엉덩이를 봐 날 봐 날 봐 날 봐 이 세상을 봐 키스해줘 날 봐 날 봐 내 엉덩이를 봐 날 봐 내 엉덩이를 봐 날 봐 이 세상을 봐 날 봐 봐봐 세상을 봐 봐 봐 봐봐 내 엉덩이를 봐 세상을 봐봐 나는 키스하는 것을 보고 나를 보고 내 입술을 보고 내 엉덩이를 보고 나를 보고 이 세상 전체를 보고 나를 보고 나를 보고 내 입술을 보고 내 엉덩이를 보고 나를 보고 이 세상 전체를 보고 나를 보고 나를 보고 나를 보고 로아리를 차는 소리를 듣고 나를 죽여 미쳐야 해 몽롱해지고 베이스는 그것을 당신의 위에서 그것을 단계적으로 분해한다 마크 준비 내 입술을 봐봐 내 엉덩이를 봐봐 이 세상 전부를 죽이는 나를 봐봐 키스해줘 날 차줘 내 입술 전체를 봐봐 내 엉덩이를 봐봐 이 세상 전부를 죽이는 나를 봐봐 키스해줘 날 차는 소리를 들어봐"
3, 개소리지 다 개소리개소리지 전부 다 개소리개소리지 다 개소리개소리지 전부 다 개소리전부 다 개소리흔해빠진 멜로디 속사랑 노래 가사처럼 덫 없는 말허울뿐이지 뭐어차피 몇 가지 특이 케이스를 뺀나머지는 다 가식일 뿐자신보다 타인을 위하는 이타심 너가 뭐 날 알아 차라리 말 마라그저 귀를 닫고 눈을 감고입을 막고 파 너 말야다 개소리 차피 외톨이이해받지 못한단 걸 되새김질해질리도록 겪었잖아사탕발림 싹 다 개소리개소리지 다 개소리개소리지 전부 다 개소리개소리지 다 개소리개소리지 전부 다 개소리개소리지 개소리 개소리 개소리 쉿개소리지 개소리 개소리 개소리 쉿개소리지 개소리 개소리 개소리 쉿개소리지 개소리 개소리 개소리 쉿날 사랑한다며 곁을 지키겠다던 여잔지쳐서 떠나갔고친구라 생각한 자식은사실은 장기 짝이 필요했던 놈키워준다던 회사 같이 가자던 팀들도 이름도기억이 안 날 정도로먼 사이가 된걸 다 똑같지 그저 말뿐뱉은 대로 되면 좋고 아님 말뿐그런데도 나는 멍청한 놈가끔 의심한다 하면서도믿고 나선 한숨 쉬는 일을 반복하니딱히 할 말이 없지사람이 싫지만 아직 외롭지외톨이가 싫어 개소리란 걸 알면서도기대하는 병신개소리지 다 개소리개소리지 전부 다관계에 지쳐닫아버려 수많은 가능성함께 하기에 더 빛날 거란 소린어느 얼간이가 뱉은 개소린지 늘어만 가는 시간 낭비사람이 늘수록 분산된 에너지뭐가 그리 서운한지날 멋대로 주무르려 하니선택지 따윈 없이 필요 없어내 시간은 항상 부족한데 그들은 소중한 시간을 소비하고 싶어하기에 혼자가 더 편해 함께는 다 뻔해너 참 뻔뻔해 난 거절해개소리지 다 개소리개소리지 전부 다 개소리개소리지 다 개소리개소리지 전부 다 개소리개소리지 개소리 개소리 개소리 쉿개소리지 개소리 개소리 개소리 쉿개소리지 개소리 개소리 개소리 쉿개소리지 개소리 개소리 개소리 쉿개소리지 개소리 개소리개소리 개소리개소리 개소리 개소리 개소리개소리 개소리 개소리지개소리 다 개소리전부다 개소리 싹 다 개소리 허 젠장 알어 빌어먹을 네 우정 빌어먹을 네 사랑 엿 같은 네 통신 우 아니 고마워
3, 일어났을때 널 안고싶어 왜 난 안되는지 알고싶어 삥땅친 돈이 쌓여있어 너를 사고싶어 너랑 하고싶어 내 마음대로 안되는건 너 뿐이야 내 마음대로 안되는건 너 뿐이야 내 마음대로 안되는건 너 뿐이야 내 마음대로 내 마음대로 내 마음대로 안되는건 너 뿐이야 내 마음대로 안되는건 너 뿐이야 내 마음대로 안되는건 너 뿐이야 내 마음대로 내 마음대로 내 마음대로 안되는건 너 뿐이야 내 마음대로 안되는건 너 뿐이야 내 마음대로 안되는건 너 뿐이야 내 마음대로 내 마음대로 나도 살아 이렇게 근데 일은 잘 풀리지 누구 잘 안 기다려 각자의 길이 있기 때문이지 지구를 사기전에 내 목걸이나 좀 보렴 돈 문제는 다 지웠어 대기업 회장님처럼 내가 봤을땐 우린 어울려 마치 산타할배년과 겨울옷 서울년들 사이의 서울보석 물어보는 너와 물고빠는 놈 내 마음대로 안되는건 너 뿐이야 내 마음대로 안되는건 너 뿐이야 내 마음대로 안되는건 너 뿐이야 내 마음대로 내 마음대로 내 마음대로 안되는건 너 뿐이야 내 마음대로 안되는건 너 뿐이야 내 마음대로 안되는건 너 뿐이야 내 마음대로 내 마음대로 내 마음대로 안되는건 너 뿐이야 내 마음대로 안되는건 너 뿐이야 내 마음대로 안되는건 너 뿐이야 내 마음대로 내 마음대로 일어났을때 널 안고싶어 왜 난 안되는지 알고싶어 삥땅친 돈이 쌓여있어 너를 사고싶어 너랑 하고싶어 내 마음대로 안되는건 너 뿐이야내 마음대로 안되는건 너 뿐이야내 마음대로 안되는건 너 뿐이야내 마음대로 내 마음대로내 마음대로 안되는건 너 뿐이야내 마음대로 안되는건 너 뿐이야내 마음대로 안되는건 너 뿐이야내 마음대로 내 마음대로내 마음대로 안되는건 너 뿐이야내 마음대로 안되는건 너 뿐이야내 마음대로 안되는건 너 뿐이야내 마음대로 내 마음대로  
3, 말도 안돼지나간 기억만 남겨둔 채말도 안돼너의 향기는 저 아스팔트 아래  
3," 말 잘라 미안한데왜 이러니 왜 이러니 자꾸 똑같은 말우리 중 하난 먼저 얘기해야 돼여기서 우리 그만 끝내이제 그만 싸우고 싶어 하루도그냥 넘어가는 일이 없어내 하루가 의미 없어 분 초도 웃을 일 없어더는 자신이 없어 오늘은 내가 말할래네가 어디서 뭘 하든 상관 안 할래가든 말든 네 맘대로 해매번 지겹도록 반복되는 내게서 떨어져줄래왜 이러니 왜이러니 이 손 놓고 말해몇 번을 들어도 네 말은 거기서 거기 되돌릴 수 없어 예전으로남보다 못한 사이가 됐어 우린 서로 부담이 됐어너 말곤 내게 아무도 없어더는 상관이 없어 그냥 너에게 말할래네가 어디서 뭘 하든 상관 안 할래 가든 말든 네 맘대로 해매번 지겹도록 반복되는 네가 없는 이 곳에 남겨진 내가 울고 있을 거라 생각하겠지만 나는 괜찮아 반복될 일 없을 테니까너와 나 여기서 그만네가 어디서 뭘 하든 상관 안 할래 가든 말든 네 맘대로 해매번 지겹도록 반복되는 잠깐만, 잠깐만 매일 U와 IU와 IU와 IU와 IU와 I는 잠깐만 기다려봐 잠깐만 기다려봐 너의 모든 거짓말과 변명에 지쳤어 이제 그냥 매일 U와 IU와 IU와 IU와 IU와 IU와 I는 매일 내 얼굴에서 나와"
3," 음 나는 시도하지 않아 아 나는 시도하지 않아그래, 너처럼 멋져지려고 노력하지마. 나는 너의 하이힐 신발을 신고 돌아다닌다. 나는 서투르게 바닥과 친구가 되었다. 너는 한 여자아이가 4개를 산다는 것을 알고 있다. 너는 내가 항상 떨어뜨린다는 것을 알고 있다. 나는 첫 번째로 한 여자아이는 밥을 먹었다. 빌어먹을 케이크 전체와 위의 체리는 병을 깨웠다너는 심지어 클럽에서 켄이 파티를 하기 위해 여기에 있지도 않아. 나는 바비 인형을 피리러 가고 싶지 않아. 나는 내 발가락을 만질 때까지 뒤로 젖혀. 나는 배를 젓고 싶지 않아. 바위로 가득 차서 나는 스스로 떠 있기를 바래. 왜냐하면 그들은 내가 씹지 않기 때문이야. 왜냐하면 그들은 내가 목을 조르기를 바라기 때문이야. 나는 나쁜 년이고 상사이고 내가 글로스처럼 빛나기 때문이야 나는 보스야 나는 보스야 나는 보스야 나는 보스야 나는 보스야 나는 보스야 나는 보스야 나는 보스야 나는 보스야 나는 보스야 나는 보스야 나는 보스야 나는 보스야 나는 보스야 나는 너가 종마가 되기 전에 너가 바다가 된 후라고 말했어 나의 나쁜 사진들은 모두 보도할 필요가 없어내 최고의 것들을 모두 나는 모자를 쓰고 나는 바지를 입는다. 그래서 나는 승진을 한다. 나는 춤을 출 것이다. 그리고 나는 나의 춤을 출 것이다. 그리고 나는 계획을 취소할 것이다. 나는 화가 나지 않았다. 왜냐하면 너는 내가 그것을 가져갔기 때문이다. 나는 그것을 위해 춤을 출 것이다. 나는 그것을 출 것이다. 그리고 나는 그것을 이겼다 그것 위에 서 있어. 우리가 춤출 때 바닥에 돈이 있어. 밝게 그들이 내가 나쁜 년인 것처럼 태닝하게 해줘. 나는 나쁜 년인 것 같아. 나는 나쁜 년인 것 같아. 나는 나쁜 년인 것 같아. 나는 나쁜 년인 것 같아. 나는 나쁜 년인 것 같아. 나는 나쁜 년인 것 같아. 나는 나쁜 년이고 나쁜 년이고 나쁜 년이고 내 상사야. 그리고 내 상사야. 그리고 내 머리야나는 광택같은 나의 상사야 나는 악녀야 나는 보스야 나는 악녀야 나는 악녀야 나는 악녀야 나는 악녀야 나는 악녀야 나는 악녀야 사장처럼 빛나고 나는 악녀야 나는 악녀야 나는 악녀야 그리고 사장처럼 빛난다 나는 악녀야 나는 악녀야 나는 악녀야 그리고 사장처럼 빛난다 나는 악녀야 나는 악녀야 나는 악녀야 보스와 광택처럼 빛나는 나는 나쁜 년 나는 나쁜 년 나는 나쁜 년과 상사 그리고 광택처럼 빛나는 내"
3, 이모티콘 같애너의 얼굴에 답장을 해야 해화가 난 것 같애일이 커지기 전에 사태를 파악해와츠롱 와츠롱빨리 알아채고 달려 거북이밟어 나 악셀을 밟어너의 이모지에 대지 선풍기무슨 바람이 불어여기까지 날아오셨나요무슨 악귀가 붙어그렇게 무서워졌나요무슨 사랑이 그래 넌 왜 그래너의 화에 데어버렸잖아 으엑너의 불에 타버린 내 플렉스심장 두근두근 쿵치탁치 붐뱁나의 무릎 땅에 붙어 있어 져려 다리손을 계속 비벼 빌고 있어 마치 파리나의 명품 사과 받아줘라메이드 인 파리어서 화를 잘라 줘 나 눌렸잖아 가위너의 화는 바위 나는 계란 같지기어 올라 봤자 너한테 난 닭대가리분별 못 해 사리 나 머리 나빠 사실말실수를 해서너의 화에 추가하지 냉면 사리이모티콘 같애너의 얼굴에 답장을 해야 해화가 난 것 같애일이 커지기 전에 사태를 파악해와츠롱 와츠롱빨리 알아채고 달려 거북이밟어 나 악셀을 밟어너의 이모지에 대지 선풍기그걸론 안돼 너는 너무 뻔뻔해언제나 이렇게 그냥 넘어가려 해말 같지 않은 소리만 늘어놓고 있네그래서 뭘 잘 못 했는지알고 있기나 해미안하다는 말 반복해 너는입버릇처럼 되어버린 그 말 난 너를안 봐도 뻔한 비디오잖아아직도 너는 나를 모르잖아넌 내가 말해도 기억을 못 해왜 하지 못해연락을 해도 너는 받지 못해무슨 날인지도 몰라 어째다시 널 믿지 않아받지 않아 니 사과속지 않아넌 답답해 고구마 감자정말 알 수 없어나를 좋아하긴 하는 거야바보 같은 표정 지워진심이란 말이야귀엽다고 봐주는 건진짜 마지막이야마지막이야마지막이야이모티콘 같애너의 얼굴에 답장을 해야 해화가 난 것 같애일이 커지기 전에 사태를 파악해와츠롱 와츠롱빨리 알아채고 달려 거북이밟어 나 악셀을 밟어너의 이모지에 대지 선풍기 아기 아기 아기 아기 아기 아기 아기
3," 열여덟 번의 낙엽이 졌지 너도 알듯이 입술이 찢어질빨개벗은 기분이 들었고 난 입었어 이건 의미 없지이건 술래잡기 같애 근데 아무도 못 잡는 내 모습은 바보 같았고 이제야 혼자인 이유를 알 것 같애 벌써 걔네들의 속 안이 다 보여형 이건 속이는 거지 작년 겨울 아우터열 배로 떼다 팔던 것처럼난 형들의 기준보다 컸지그들의 기분보다 높이에 있지만여태 내가 놓친 겨울 때문에 이 가을에 멈춰 있지 날 어지럽게애매한 관계들이 덮친 이때 더위를 떼어 내고 나니 번지는 색 남아있는 먼지를 떼어 내고 막지 숫자들의 엮인 메세지우정에 목숨 걸어도 없지 왜 내 옆엔내 몸만 남아있고 겁이 뱉네 간대왜 안돼밤이지 잠에 들지 못해 따 위스키다시 병신 돼서 병원 고민해도 현주 너는 날 믿지다들 괜찮냐고 물어봐 난 이 불안정에 묻어가기억하길 원한다면 울어봐 관계는 추억 같은 거만 주더라그려간 꿈들은 이제 흐려가도 걔네한테 주면 안 돼 숨어 난소년아 주면 안 돼 소년아주면 안 돼 소년아 작가들은 떠나게 하지 소녀가마천 안 아이 이별에 닿았고 찢어진 옷에 스며 향이 간대왜 안돼 간대왜 안돼 뺏긴 시간 필요하다면이제 일어나 뺏긴 시간 필요하다면이제 일어나 그래, 난 괜찮아, 폴린, 넌 날 이해할 수 없어. 난 기다릴 수 없다고 말했어. 엄마 친구야. 난 기다릴 수 없다고 했어. 엄마 친구야. 난 기다릴 수 없다고 했어. 엄마 친구야. 난 기다릴 수 없다고 했어. 엄마가 말했던 그 시절로 돌아가"
3, 반쯤 미쳐가는 나망가져 나의 삶넌 내게서 나를 지워가고또 나를 부셔버려라추락한 나를 봐눈앞에서 멀어지는 너의 속도는 로너의 속도는 로너의 속도는 로눈앞에서 점이 되어버려부질없는 것이 되어버렸어대체 누가 쉽다고 말을 해내 기억 영혼까지 전부 가져가죠 왜내 숨이 나를 턱 끝까지 몰고 가네 왜사라지는 나를 보는 기분이란 건 어때사라지는 너의 속도어림잡아 킬로 정도 돼 보여뒤돌지 말고 가지금 난 좀 사이코야이럴수록 니가 필요하면넌 다 알잖아 또 숨을 참는 나곧 죽어가는 난난 너를 지켜줄게 나를 지나갈 동안조금씩 멀어지는 상태두 눈을 감고 뜨면 사라질 것 같애수많은 기억들을 돌고 돌아 너는 다시우릴 마주칠 수 있나반쯤 미쳐가는 나망가져 나의 삶넌 내게서 나를 지워가고또 나를 부셔버려라추락한 나를 봐눈앞에서 멀어지는 너의 속도는 로너의 속도는 로너의 속도는 로잘못된 길에 빠진 듯이 괜히 왔어 제자리로다 알면서 왜 다시 여기어제의 너는 너가 아닌 듯이 분홍빛의 환상인 듯그래 원래 이게 나였었지변하는 건 없어 별다를 것 없고못 꺼낸 말은 많아도 지나쳐 버린 후고우리는 뭐 옆자리에서 반대 자리 다른 종점 로 가장 너와 가까울 마지막일 걸 지금이난 너가 지나간 길을 걍 멍히보고 있을 수 밖에 죽여 찬 공긴 날쟤넨 내 아픔도 다 남의 거라 하니까난 입을 꾹 닫네 너의 등 앞에원하는 건 없어사랑은 더 없고다친 나의 마음에 비해너무 빠른 너의 발걸음원하는 건 없어사랑은 더 없고다친 나의 마음에 비해너무 빠른 너의 발걸음반쯤 미쳐가는 나망가져 나의 삶넌 내게서 나를 지워가고또 나를 부셔버려라추락한 나를 봐눈앞에서 멀어지는 너의 속도는 로너의 속도는 로너의 속도는 로너의 속도는 로너의 속도는 로 km km km km km km km km km km km km km km km km km km km km km km km km km
3, 누군가가 내게 와 이렇게 말했지난 당신을 지켜줄 의무가 없다고또 어떤 이는 이렇게또 어떤 이는 저렇게지옥에 오신 것을 진심으로 환영합니다브라질 브라질 브라질 이런 브라질부푼 가슴 안고 이곳에 왔는데날 반겨주는 것은 썩 유쾌하지 않아또 어떤 이는 이렇게또 어떤 이는 저렇게지옥에 오신 것을 진심으로 환영합니다브라질 브라질 브라질 이런 브라질  
3, 날 사랑한다는 그 흔해빠진 거짓말반복되는 싸움 딴 사람 만나고 내겐 집에 가서 잤다고 둘러대는 너 제발 그냥 가라고뭘 원해 또 어느새 내 손을 잡아 왜너답게 또 다른 애 찾아 떠나가라고널 떠나는 건 내겐 행운이란 걸 내 몸에 손대지 마 소름끼치니까내 이름 부르지 마 듣기 싫으니까니가 뭘 안다고 사랑하긴 뭘 한다고됐어 필요 없어 꺼져 내 몸에 손대지 마난 돌아가지 않아널 사랑하지 않아 미안하다 하지 마 됐고 설명하려 하지마적당히 좀 해 소리 지르기 전에 잘 생각해 계산이 느리니눈부신 날 놓친 걸 넌 후회하게 될 걸이 손 놓으라고 꼴 보기 싫다고 내 몸에 손대지 마 소름끼치니까내 이름 부르지 마 듣기 싫으니까니가 뭘 안다고 사랑하긴 뭘 한다고됐어 필요 없어 꺼져 내 몸에 손대지 마난 돌아가지 않아널 사랑하지 않아 가시 박힌 말을 실컷 퍼붓고아주 완벽하게 돌아서는데왜 자꾸 두 눈에 눈물이 차는지 가슴은 아프지만 사랑은 끝났어넌 아니라고 해도 이미 난 끝났어이젠 나를 잊고 과거 따윈 치워두고넌 너대로 행복하길 바랄게내 몸에 손대지 마 가야 돼 안녕 나가 나가 나가 나가 나가 멀리 나가 네가 원하는 것을 나가 나가 나가 오 바보 나가 나가 나가 아웃 아웃 아웃 아웃 아웃 아웃 아웃 아웃 아웃 아웃 아웃 아웃 아웃 아웃 아웃 아웃 아웃 아웃 아웃 아웃 아웃 아웃 아웃 아웃 아웃 아웃 아웃 아웃 아웃 아웃 아웃 아웃 아웃 아웃 아웃 아웃 아웃 아웃 아웃 아웃 아웃 아웃 아웃 아웃 아웃 아웃 아웃 아웃 아웃 아웃 아웃 아웃 아웃 아웃 아웃 아웃 아웃 아웃 아웃 아웃 아웃 아웃 아웃 아웃 아웃 아웃 아웃 아웃 아웃 아웃 아웃 아웃 아웃 아웃 아웃 아웃 아웃 아웃 아웃 아웃 아웃 아웃 아웃 아웃 아웃 아웃 아웃 아웃 아웃 아웃 아웃 아웃 아웃 아웃 아웃 아웃 아웃 아웃 아웃 아웃 아웃 아웃 아웃 아웃 아웃 아웃 아웃 아웃 아웃 아웃 아웃 아웃 아웃 아웃 아웃 아웃 아웃 아웃 아웃 아웃 아웃 아웃 아웃 아웃 아웃
3, 난 자유롭고 싶어지금 전투력 수치 퍼입고 싶은 옷 입고 싶어길거리로 가서 시선을 끌고 싶어내가 보기 싫은 새끼들의 지펄닫아버리고 내 걸 열어주고 싶어 그래 할말은 하고 살고 싶어그래 그래서 내게 욕을 하나 싶어신경 꺼 난 사랑하고 싶어너도 나라도 아니고 날 말야다른 나라라도 날아가고 싶어일이라도 때려 쳐버리고 말야난 난 일을 하기 싫어기계처럼 일만 하며 고장 나기 싫어 난 그러고 싶어그게 나쁘던 좋던 말야그게 나쁘던 좋던 만약내가 재벌이고 싶으면 말야그게 돼버리고 싶단 말야난 그냥 돼버리고 싶어주제파악이고 뭐고 그게 다야내 주제라는 게 있다면 화약처럼 난 그냥 깨 부시고 싶어깨 부시고 싶어깨 부시고 싶어깨 부시고 싶어꾸꾸꾸꾸꿈 깨 깨버리기 싫어깨버리기 싫어깨버리기 싫어꾸 꿈 깨기 싫다고꿈꿈꿈꿈꿈꿈꿈내가 하는 말 무슨 말인지 아는 사람그런 사람 여기 없어없으면 됐어없어도 난 됐어난 혼자 관 뚜껑을 닫겠어내가 살리고 싶은 건 내 개성똑같은 새끼들은 지구에 세고 셌어내 여자친군 내가 최고랬어 내 친구들은 방으로 퇴근했어사람들은 성실하기만 바래서피곤하지 날 걍 게으르게 냅둬너넨 모두 줄자가 됐어맨날 재고 재서 난 삐뚤하고 싶어난 미꾸라지처럼 미끄럽고 싶어싸우긴 싫어도 입 닥치긴 싫어그래 난 시끄럽게 쥐뿔 없고 싶어있으려고 그저 가만있기 싫어있으려고 가만있기 보단시끄럽게 쥐뿔 없고 싶어근데 또 재벌이 되고 싶다고그게 나쁘던 좋던 만약내가 재벌이고 싶으면 말야그게 돼버리고 싶단 말야난 그냥 돼버리고 싶어주제파악이고 뭐고 그게 다야내 주제라는 게 있다면 화약처럼 난 그냥 깨 부시고 싶어깨 부시고 싶어깨 부시고 싶어깨 부시고 싶어꾸꾸꾸꾸꿈 깨 깨버리기 싫어깨버리기 싫어깨버리기 싫어꾸 꿈 깨기 싫다고꿈꿈꿈꿈꿈꿈꿈 깨깨깨깨깨깨깨 깨깨깨깨깨깨깨 깨깨깨깨깨깨깨 깨깨깨깨깨깨깨 깨 버리고 싶어 깨 부시고 싶어깨 부시고 싶어깨 부시고 싶어꾸꾸꾸꾸꿈 깨 깨버리기 싫어깨버리기 싫어깨버리기 싫어꿈꿈꿈꿈꿈꿈꿈 그래 입 다물어 그리고 내가 누구인지 입 다물어 그리고 내가 누구인지 내가 되고 싶어 나는 달라지고 싶어 불완전하지만 너는 그것을 거부할 수 없어 보이보이가 싫어할 수 있어왜 그렇게 화가 났니
3, 걱정 마 생각은 내일 해웃음을 지어줘 더얼굴은 붉어져 또스쳐 지나가버려도 기분이 다 말해혀가 움직이질 않게 해줘 기분이 다 말해혀가 움직이질 않게 해줘 전화기는 됐어 시간을 모르게 눈을 뜰 때 옆에 없어도원망 안할게멀어질까 우리 사인 웃음을 지어줘 더얼굴은 붉어져 또스쳐 지나가버려도 기분이 다 말해혀가 움직이질 않게 해줘 기분이 다 말해혀가 움직이질 않게 해줘 왜 일까 머리는 아는데데일까 몸이 반응해그 손을 놓고 죄일까 내가 나인게왜 헤메일까 또 이렇게그 놈은 널 감당 못해 아 우리는 우리가 더 나은 것을 느낄 수 있다는 것을 알고 있다 우리가 함께 느낄 수 있다는 것을 안다 우리는 그것을 탈 수 있다 우리는 지금 그것을 탈 수 있다 지금 우리는 그것을 탈 수 있다 나는 지금 그것을 탈 수 있다 나는 Babe Ooh Like Honey 밤새 Ooh Like Honey 할 말이 없다. 하지만 나는 네가 Ooh Like Honey 밤새도록 내 손을 잡을 것이라는 것을 안다내 손을 잡아줘 내 아기는 널 어디로도 데려갈 수 없어 그러니 내가 널 맛보게 해줘
3, 내겐 이건 언제나 약점날 약하게 나약하게 만들어움츠러들어 널 만나면나약하게 날 약하게 만들어믿음이 가득 찬 날 좋아하던모습은 다 어디 가고오히려 날 좋아하던그 이유 때문에 떠나고아직도 뭘 잘못한 건지 몰라아니면 내가 잘못된 건지 몰라그래 나 세상 물정 몰라모르는 척 한걸 지도 몰라내 의식에 더는 안 속아날 의심해 더는 반복하기싫어 진심이야 한 번만믿어줘 아니면 답이 없잖아어차피 음악이었잖아그냥 음악이었잖아포기하기 싫어널 포기하기 싫어널 포기하기 싫어널 포기하기 싫어널 잃고반복하기 싫어널 잃고반복하기 싫어널 잃고반복하기 싫어널 또 잃고반복하기 싫어나를 죽일지도 몰라 이다음번엔아니 죽일지도 몰라 너를 다음번에내 뒷주머니 식칼을 꺼내내 손목에 아니면 너의 목에이 고통을 빨리 끝내주소서고통을 빨리 끝내주소서신이시여 날 용서해주소서당신이 보낸 전령 이제 난 거절우리가 세상에 아무것도가지고 온 것이 없으매또한 아무것도가지고 가지 못하리니우리가 먹을 것과 입을 것이 있은즉족한 줄로 알 것이니라부하려 하는 자들은시험과 올무와 여러 가지어리석고 해로운 욕심에 떨어지나니곧 사람으로 파멸과멸망에 빠지게 하는 것이라야방송 나가면 되고그냥 랩 가르치면 되고아이돌 가사 대신 써주면 돼즐겨주면 돼 돈이 되면대체 뭐가 문제야그 규칙은 누가 정해놨어뭐가 널 가두고 있는데대체 뭐가 널 가둘 수 있는데이제야자유로운 느낌이야자유로운 느낌이야자유로운 느낌이야자유로운 느낌이야이제야자유로운 느낌이야자유로운 느낌이야자유로운 느낌이야자유로운 느낌이야  
3, 좆까 마치 훔쳐너의 마음 뭘 야려 걔를 훔쳐 눈 머니 이거 숨어 뒤에 나의 나쁜 짓을 할 땐내가 먼저 하지 에 살지모여 한가운데 아이아이가 모여서 우리 나이가 넘사사기쳐 릴타치같이계속해서 벌어 두 배로차분해 난 니 분에도노래로만 앨범 내도 되겠네이건 어린 나이에 부자 되버리네아토피 걸린 목 늘어나 앨범이 컨트롤 못 해져 거울에 보여 신 그 대면식대리석 테이블 위희미하게 보이는 이게 내 태도지가지지 못 해도 안 놓쳐 난 앨범 내놔 새끼야내 트로피 센 놈 데리고 와난 리얼해 병신아넌 못해 영비같이 좆까 마치 훔쳐너의 마음 뭘 야려 걔를 훔쳐 눈 머니 이거 숨어 뒤에 나의 나쁜 짓을 할 땐내가 먼저 하지 에 살지노랑 초록 파랑레인보우 돈을 모아 짤랑니가 뭐를 알아알긴 넌 뭘 알아 조까난 아냐 부평 난 난 올려 쿠기형붙어 누나들이 돈 명예 여자 훔쳐 그리고 뒤에서 난 주머니서 꺼내 내 가사에 쓰면 다시 땡기지 너는 누구야 비켜 시발놈아누가 씨부려 내 뒤에서 너와 난 달라 그냥 너는 멋이 없어 너는 둘러매도 왜시장에서 구매한 짭같아 왜 좆까 마치 훔쳐너의 마음 뭘 야려 걔를 훔쳐 눈 머니 이거 숨어 뒤에 나의 나쁜 짓을 할 땐내가 먼저 하지 에 살지시끼들아 비키 다편의점 천 백원이어폰으로 뭘 안다고 지랄듣기 싫음 듣지 마돈 많아 좆만아라고 해도 빨리는 젓디 아입니까 일과 여자 사이의 못 잡고 좆망한 넌좆잡고 반성하도록 해난 스튜디오로 복귀모로 가던 도로 가던돌아 돌아 돌아 돌아오기만 하면 돼나는 골인만 하면 돼좆된 너가 팔 건 장기야난 초심 개나 줬지마치 장기하 을 계속 내 그래도 새 곡 내는 쟤네보다 내 가사 계속 난해할래 해석해 타령 계속해도멜론 곡 안에 내 이름이이건 을새롭게 재배열해 들 뇌내망상은 재수없게도 이제일로 쉬웠네요 수준 낮추기는 정말 어려워 finese pop the tag price tag finees finees finees i got bitch luv on ma body oohip fines fines 트랩 트랩 mob level 그 체인을 나에게 해줘 속도 레이스 나 자신과 나는 money love reason me speed me speed the tag price finees finees 나는 모든 얼음 finees finees finees finees 나는 너무 많은 악녀를 얻었다uv on ma bodyoohip finesse trap trap prada snit snit snit at streetter라고 부를 수 있어 나는 너의 호미 스모키 도플릿츠라고 불러 나는 스크루지 휘이의 부티 회푸킨 같은 영화에서 ifmovin이라고 불러도 돼 그냥 목에 키스하는 xan bex를 스웩 풀고 싶어 죽여 내 방식은 누가 빌어먹을 흰색인지 의심할 여지 없이 내가 너보다 더 잘할 수 있어. 너를 너의 부엌으로 데려가는 것보다 더 잘 할 수 있어. 그녀는 저녁을 휘핑해. 우리는 그 빌어먹을 구찌 루이 펜디를 모두 휘핑해. 나는 마리 시비비치 임마에서 최악의 비녀 드리핀 디자이너 시이푸를 그냥 나는 마우 요리에서 늦은 밤 픽세스티야키를 얻는다젓가락으로만 먹는 finese finese pop the tag price tag finese finese finese 나는 너무 많은 bitch luv on ma bodyoohip finese trap trap trap 어젯밤 무슨 일이 일어났는지 balance huh feating back to back to back to back in pay broy brothers 도대체 무슨 일이 일어나고 있는지 가짜 맥현상 규칙 히터 영감 랩 바보 같은 허
3, 그만 울어대 지겹지도 않니 넌뭐가 불만인데네가 나한테 뭔데말하려는 게 뭔데뭘 말하고 싶은데그럼 뭐 어쩔 건데난 내 갈 길 갈게 대답 없는 날 붙잡을 생각은 하지 마지금은 전화를 받을 수 없어 난 나빠 넌 아파 매일매일나는 여기까지니까 또 왜 이러나 싶네속이 타들어 간대같은 말만 하네뚜뚜뚜관심 없어 알아서 해 대답 없는 날 붙잡을 생각은 하지 마지금은 전화를 받을 수 없어 난 나빠 넌 아파 매일매일나는 여기까지니까 그만 내려놔제발 이 손 좀 치워 난 나빠 넌 아파 매일매일나는 여기까지니까 소년 링링 밤에 나를 울리지 마 끊을 시간이 없어 미안 오 안돼 나는 가야 해 나는 가야 해 매일 가야 해 그리워하지 마 소년 밤에 나를 울리지 마 미안 오 안돼 나는 가야 해 나는 매일 가야 해 나는 가야 해 나는 매일 가야 해 나는 너무 그리워하지 마 당신의 결정넌 내 손에 안기는 사람이 아니야 그리고 난 그냥 가야만 한다고 말하고 싶어 난 가야만 해 난 매일 가야 해 그리워하지 마 난 가야 해 난 가야 해
3, 내 이름은 도끼 아니면 힙합 좋아해 모를 리 없을 나의 이름 좋아하지 않아도 싫을 리 없을 나의 리듬 취미는 여행 또는 이제부턴 너와 함께하고 싶어 우리 둘이 술이 아닌 스무디 킹 레몬에이드 아이스 티 입엔 담배 대신 사탕 또는 아이스크림 주말엔 클럽 술집에서 돈 낭비 하거나 아무 여자나 붙잡고 끌어안기 같은 건 하지 않아 공연장 아니면 녹음실에서 다음 달에 나올 앨범 준비하며 지내 요즘엔 초중고 할 것 없이 남녀노소 입에 달고 사는 욕도 하지 않아 난 쉽게 믿을 수 없단 것도 잘 알아 나에 대해 더 알려줄게 내 손 잡고 따라와 비록 학력은 초졸이지만 내 삶은 초졸하지 않아 네게 주는 사랑 굳이 돌려받지 않아도 괜찮아 그냥 받아 나보다 잘난 놈은 많을지 몰라도 나처럼 널 사랑할 수 있는 확률은 바로 뛰어갈게 내가 필요할 때 조금만 기다려 줘 데리러 갈게 모든 걸 잃어버린 듯 지금 내겐 너뿐 몇 시 몇 분 장소는 어디 오케이 잘 알아 거기 앞에서 봐 이쁘게 하고 와 여기 흰색 처럼 비어있는 내 옆 자린 니 꺼 네가 어디든 달려갈게 세상 어디든 너와 함께라면 네가 어디든 달려갈게 세상 어디든 너와 함께라면 곤조엘리오네르 CEO 영 왕 영 보스 쇼핑 영화 베이비 베이비 베이비 러브 유 러브 유 러브 유 베이비 베이비 러브 유 러브 유 러브 유 베이비 베이비 베이비 베이비 러브 유 러브 유 러브 유 유 베이비 베이비 베이비 베이비 베이비 나는 너를 공주처럼 대한다 값을 매길 수 없는 소녀 나는 괜찮을 것이다그래 내가 필요할 때 진정해줘 내 팔을 벌려 따뜻하게 해줘 내 스피커 펍에서 쇼티 메르세데스 노크해줘 라이드 라이드 라이드 라이드 라이드 라이드 라이드 라이드 라이드 라이드 라이드 라이드 라이드 라이드 라이드 라이드 라이드 라이드 라이드 라이드 위드 위드 위드 위드 위드 위드 위드 위드 위드 위드 위드 위드 위드 위드 위드 위드 위드 위드 위드 위드 위드 위드 위드 위드 위드 위드 위드 위드 위드 위드 위드 위드 위드 위드 위드 위드 위드 위드 위드 위 love you love you baby me love you love you love you baby me love you love you love you love you 베이비 베이비 베이비 베이비 베이비 베이비 베이비 러브 유 러브 유 러브 유 러브 유 베이비 베이비 베이비 베이비 러브 유 러브 유 러브 유 러브 유 러브 유 러브 유 러브 유 러브 유 러브 유 러브 유 베이비 베이비 베이비 베이비 아이 러브 유 러브 유 러브 유 러브 유 러브 유 러브 유 러브 유 러브 유 러브 유 러브 유 아이 러브 유 러브 유 러브 유 러브 유 러브 유 러브 유 러브 유 러브 유 러브 유 베이비 아이 러브 유 베이비 베이비 u
3, 우리가 자주 걸었던 이 길거리에만약 우리 마주치면그냥 모른척해 줘요우리가 자주 걸었던 이 길거리에우리 둘이 만나지 않게교통을 정리해줘요심하게 싸웠지 눈에 불을 키고서자동차 빵빵거리면서너 빨리 가라고난 늦고 싶은데 넌 멀리 가 있어저 멀리 가 있어 먼 산에 가 있어바다로 갈라고 나 했었지광어나 먹을라고 나 했었지너무 엇갈려도 너무 엇갈렸어우리의 교통 우리의 소통우리의 고통 내비는 먹통우리가 자주 걸었던 이 길거리에만약 우리 마주치면그냥 모른척해 줘요우리가 자주 걸었던 이 길거리에우리 둘이 만나지 않게교통을 정리해줘요이대로 가다간 우리 둘 다 죽어너와 내 사이엔 보험 같은 것도없잖아 사고 나도 안 보상해줘난 내리고 싶어 그냥 갓길에 대줘퇴근 시간이 아닌데도꽉 막혀서우리 앞뒤 상황을 보니 도저히답 없어서나올 것 같아 구토 옆자린데도 불통 우리가 자주 걸었던 이 길거리에만약 우리 마주치면그냥 모른척해 줘요우리가 자주 걸었던 이 길거리에우리 둘이 만나지 않게교통을 정리해줘요 나는 기분이 좋지 않다. 정지 신호를 하면 선을 넘지 않는 것이 좋다
3, 화장은 좀 더 진하게난 타고난 기지배뭔가에 끌리지 일상 데일리 난 그런 날 자랑해 너와 다르다고 틀린 건 아냐 판단하지 마 인생 모르잖아 놀라지마라 선수끼리 왜 이래 내가 어떤 인 것 같아 내가 어떤 인 것 같아 내가 어떤 인 것 같아 은 살짝 야하게태도는 좀 더 과하게너에 비해 난 매워남에 대해 좀 배워 가끔 엇나가 삐끗 너와 다르다고 틀린 건 아냐 판단하지 마 인생 모르잖아 놀라지마라 선수끼리 왜 이래 내가 어떤 인 것 같아 내가 어떤 인 것 같아 내가 어떤 인 것 같아만족하지 않아 욕심쟁이내꺼 챙겨 챙겨 하루 종일 이 구역의 미친 만족하지 않아 욕심쟁이내꺼 챙겨 챙겨 하루 종일 이 구역의 미친 나는 다른 종류의 짐승 나는 다른 종류의 짐승 나는 다른 종류의 짐승이지만 괜찮아 해시태그 나는 나쁜 것을 너무 잘 해 너를 미치게 해네가 최면에 걸린 걸 알아 네 눈에서 볼 수 있어응 그래 오 오 오 나는 너만을 위한 사람이 될 필요가 없어 그래서 너는 정말 나를 시험하고 싶니 X 너는 정말 원하니 X 패션 나는 너무 잘하지 못해 너의 그런 여자가 아니야네가 최면에 걸린 걸 알아 네 눈에서 볼 수 있어응응 오오 난 너만을 위한 존재가 될 수 없어 그래서 너는 정말 나를 시험하고 싶니 X 너는 정말 나를 시험하고 싶니 X 너는 정말로 나의 전 남자친구 덕분에 X 다음 X 다음 X 다음 X 다음 X 다음 X 다음 X 다음 X 다음 X 다음 X 다음 X 다음 X 나는 다른 유형의 야수야 나는 다른 유형의 야수야 하지만 알리가 되는 것은 기분이 너무 좋아ve Oohoohi 나는 엄마 마더모아 락스타 락스타 나와 함께 살아있는 기분이 너무 좋아 우우 기분 너무 좋아 나는 가장 나쁜 사람이야 나는 가장 나쁜 사람 중에 가장 나쁜 사람이야 나는 엄마 마더모아 락스타
3, 까놓고 말해봐 뒤에서 하는 말 막상 내 앞에 서면 그저 넌 입 바른 말다른 말 필요 없이 나 같음 안 그래 쿨한 척 할꺼면 차라리 면전에다 욕을 해진짜 솔직해져 봐 쿨한게 뭔데 쿨해야만 하는 게 내가 볼 때는 더 못된 것 같아막말 듣고 기분 나쁘건 당연한 일인데 쿨하지 못해 나쁜 사람 됐네 솔직해져 봐 내 말 틀린 거 하나 없는 말이잖아 날 위해 원하는 게 있다면 난 다 가질 거야 더 골 아프게 넌 뭘 고민을 해 네가 내게 준만큼 나도 날 줄 거야 톡톡 사이다 해보나 마나지 너와 나 가위바위보할 거면 제대로 하지 난 딴소린 안 해 내 걱정 따윈 집어치워 너 할 거나 해사이다 사이다 사이다 사이다 사이다 사이다이제 확실하게 알겠니 이게 너와 내 차이야남들이 뭔데 내가 눈치 봐야 해 결과와 대가 다 내가 받는데 그러니 난 내 맘대로 해 남 탓 할 시간에 난 내 목을 죄일래그러니 걱정하는 척은 그만 됐어 니네 생각과는 다르게 난 준비돼 있어내가 안될 거라고 말하던 들에겐 거 참 미안하게 됐어찔리겠지 날 손가락질하던 그 손으로 이제는 내게 전활 거니 더는 시간낭비하지마 너 아니어도 내 폰은 이미 과부하 날 위해 원하는 게 있다면 난 다 가질 거야 더 골 아프게 넌 뭘 고민을 해 네가 내게 준만큼 나도 날 줄 거야 톡톡 사이다 해보나 마나지 너와 나 가위바위보할 거면 제대로 하지 난 딴소린 안 해 내 걱정 따윈 집어치워 너 할 거나 해사이다 사이다 사이다 사이다 사이다 사이다 이제 확실하게 알겠니 이게 너와 내 차이야눈치 따윈 보지 않아 할 말은 해 할 거면 제대로 하지 왜 딴소리 해뭘 좀 알아야지 뭘 더 할 거 아냐 손톱 물어뜯는 너 말이야 너눈치 따윈 보지 않아 할 말은 해 할 거면 제대로 하지 왜 딴소리 해걔 집에 갔어 분명 오늘 밤 넌 꾸게 될 꺼야 예지몽 모두 날 따라서 모두 날 따라서 왜 너는 항상 쿨하려고 노력하니 돈과 명성이 하고 싶어 그것을 하고 싶어 모든 것이 돈과 명성이 되는 것처럼 게시물이 좋아 그녀가 그것을 하고 싶어 그녀가 그것을 하자 그것을 하자 그것을 하자 그것을 하자 그것을 하자 그것을 하자 그것을 하자 그것을 하자 그것을 하게 내버려 두어라 단지 그것을 지금 그것을 해라
3, 다짜고짜 던지는너의 헛소리황당한 나 벙쪄서헛웃음만 나오네숨만 쉬어도 쪼아대는어제 오늘그런 식으로 해라나도 수를 쓸테다영등포역 화장실네번째 칸 니 번호남겨버린다위장 대장 십이지장장기를 팝니다삐뚤어져버릴테다능글능글 웃긴다엿먹이니 즐겁냐황당한 나 벙쪄서헛웃음만 나오네말만하면 빈정대는어제 오늘그런 식으로 해라나도 수를 쓸테다지하 삼층 자리에삐까번쩍 빨간색 차서서히 양쪽 타이어의바람을 빼낸다삐뚤어져버릴테다펑누가 나를 판단해누가 정의해니 입맛대로 나를깍아내려 하지마못마땅한 이유를설명해줄까마음 속에 맺혀있는니 컴플렉스지허나 자꾸 나를못살게 괴롭히면나도 수를 쓸테다빨간색 니 이름을꾹꾹 눌러적는다삐뚤어져버릴테다그래 니 멋대로 해라난 내 멋대로 살테다그래 니 멋대로 해라난 내 멋대로 살테다 a
3, 넌 나란 남자에게 모욕감을 줬어 내 자신을 탓해도 늦었어 어쨌든 말해줘서 다행 며칠 전에 술취해서 전화해 말하려다가 만 게 이거였어 말로만 듣던 어장관리녀였어 아니 그것도 아니지 하필 니 양다리 시작에 내가 자리한게 맞지 아니 실상은 양다리 그 이상일지도 예쁘면 예쁜 값을 한단 말이지 꼭 근데 어떡할래 니 메인 남친에게 걸렸어 걔도 너처럼 이성관계 더러워 그러면 뭐 어쩜 너 용서받을지도 모르겠네 다 왔어 꺼져 여기서 내려 진짜 화나지만 난 여잔 안 때려 어이가 없어 하긴 어찌보면 속은게 더 바보지 넌 나란 남자에게 모욕감을 줬어 내 자신을 탓해도 늦었어 실연을 당했느니 어쩌니 술 취한 척 내 어깨에 기대면서 날 꼬시던 스킬 대체 몇 번째니 그러면서 재미 느꼈니 내가 뭔 죄니 순진한 게 죄인가 내가 무슨 심심풀이 놀이 상대인가 이제 어떡해 인간들이 놀릴텐데 애인 생길 거 같다고 자랑도 해놨는데 진짜 어떡해 난 이제 책임져 내가 입은 모욕감 어른들이 항상 말씀하시고 속담에도 있지 믿는 도끼에 발등 찍힌단 그 말 하지만 왜 하필 지금 하필 나 여기서 내려 진짜 화나지만 난 여잔 안 때려 어이가 없어 하긴 어찌보면 속은게 더 바보지 넌 나란 남자에게 모욕감을 줬어 내 자신을 탓해도 늦었어 니가 뭔데 이 착한 날 울려 왜 닫힌 맘 낭비한 시간 물어내 하긴 어쩌면 이 편이 훨 후련해 이제는 아니까 너같은 여자들의 니가 뭔데 이 착한 날 울려 왜닫힌 맘 낭비한 시간 물어내하긴 어쩌면 이 편이 훨 후련해이제는 아니까 너같은 여자들의 이 정도일 줄은 몰랐지노는 게 일상이겠지만나한텐 다를 줄 알았지꺼져버려 너 당장 순결한 내 차에서넌 나란 남자에게 모욕감을 줬어내 자신을 탓해도 늦었어넌 나란 남자에게 모욕감을 줬어내 자신을 탓해도 늦었어네가 적은 글을 어디서 읽었어제목은 사랑 뒤 상처뿐 와 나는 더 나은 사람을 받을 자격이 있어 나는 더 나은 플레이를 할 자격이 있어
3, 열밤하늘의 펄나는 날아가지 벌난 돌직구 너는 커브 안에 안에 안에 야바위 같은 세상에 나는 도사 같은 포즈 술 안 마셔도 한 도수 높아타오르는 열 위에서 춤을 춰 내 영혼들은 많아 남자 버전의 난 영감을 받고 다시 또 창의력 가뭄다시 또 열기를 발견 난 이걸 년째 반복다시 또 쉬어갈 수 있는 타이밍이 나와그 사이에도 새로운 이야기들이 나와난 그냥 물처럼 흘러가는 존재빽도가 돼도 나는 절대 안돼 고체타오르고 있는 열같은 나무여도 내 건 뭔가 다른 결서른이 돼도 계속 더 추구하는 변화그때 가서 만들어지는 한 편의 영화너의 반지를 던져 여긴 새빨간 용암회색 도시 속에 활짝 피어 나는 성화 미지근해진 여기에는더욱더 필요하지 예열섭씨 섭씨 섭씨 섭씨 내 머리 어깨 무릎 발은 빛이 나 내 우린 있어 차이가 네 눈이 부셔 가리지 앞을 난 다르니까빛이 날 감싸니까 쳐다볼 수가 없잖아 난 불넌 재가 돼 먼지 같은 넌 그런 존재난 불넌 재가 돼 먼지 같은 넌 그런 존재 난 뭐가 되던 내가 하면 날 따라 하기만 하면 돼 두 손을 높이 하늘 위로 올려봐 땀은 식힐 수 없어 이 온도가섭씨 섭씨 섭씨 그 돈을 받아라 컵 컵 컵 컵 음 터프 가이 나는 내 레벨에서 프로게이머 aespa 손을 공중에서 바라봐 너가 보는 것을 좋아해 나는 네가 네가 하는 것을 보고 그것을 나에게 하드 드립을 주는 것을 알고 있어 너무 단단해 너는 그것이 무엇인지 알고 있어 나는 그것에 대해 더 잘 생각할 수 있는 사람이 아니라는 것을 너는 내가 더 잘 알 수 있어 아니 아무도 좋아하지 않아 거울을 보면 누군가가 그녀에게 우리를 비교할 수 없다고 말해줘 너는 뜨거운 것이 더 낫다는 것을 알아 나는 네가 겨우 한 푼도 없어 그리고 더 그래 나는 그것을 모두 불에 태웠어 그것은 그것의 바운스 바운스 바운스 바운스 바운스 바운스 바운스 바운스 너의 거짓말쟁이야 불에 불을 뿜어 내 하지만 네가 말하는 것은 진실의 한 푼도 없어 바운스 바운스 바운스 바운스 바운스 바운스 바운스 바운스 바운스 바운스 바운스 바운스 바운스 바운스 하지만스템포 스탬스 당신의 입에서 당신이 낭비한 시간 yeah imma bounce ok oh 그냥 더 잘하니까 오늘 밤 트렌드 세터
3, 죽느냐 또 사느냐는 것도참 중요한 문제지만너 자신을 모른다는 것이지금 현재 더 큰 문제다 뿌린데로 거둔다는걸부메랑처럼 되돌아와이제는 너 자신을 알라남을 평가하기전에오 너 자신을 알라너보다 못한 사람 세상에 없어너 자신을 알라조금은 예의들을 지켜오 너 자신을 알라누군가 니가 던진 말한마디에울고죽는다죽느냐 또 사느냐는 것도참 중요한 문제지만너 자신을 모른다는 것이지금 현재 더 큰 문제널 아껴주는 사람 가슴이모두 니꺼라 착각은 마이제는 너 자신을 알라머니가 세상다가 아냐오 너 자신을 알라사랑은 또 행복은 사는게 아냐너 자신을 알라사람의 눈물 밟지 마라오 너 자신을 알라누군가 니가 던진 말한마디에울고죽는다너 자신을 알라남을 평가하기전에오 너 자신을 알라너보다 못한 사람 세상에 없어너 자신을 알라조금은 예의들을 지켜오 너 자신을 알라누군가 니가 던진 말한마디에울고죽는다  
3, 그래 살기 싫어 문제도 있고 술에 취해도 내일만 되면 더 힘들어 나도 그 느낌 알지 나도 그 느낌 알지 엄마가 보고 싶고 아빠는 미워 전 남친 때문에 이젠 남잘 못 믿어 나도 그 느낌 알지 그 느낌 알지 경상도가 들리네 대구서 올라왔니 거기서 온 친구들을 나름 좀 만났지 너는 어디 살어 그래 저기 역삼역 같이 일하는 언니들이 방을 잡았어 나도 그래봤지 거의 얹혀 산 듯 집이 제일 편해 그치 훨씬 더 편하고 밥은 니가 사 줘 술은 내가 낼게 숙취음료 한 병씩 하자 꼭 필요한 에어백 여기서 무슨 일 해 나는 그냥 음악 너도 하고 싶은 거 해 왜 표정이 죽냐 쉬운 건 없지 실패도 두렵고 가끔 숨고 싶을 때가 깊은 구멍 속 차가 되게 좋네 일종 땄나 봐 여기 골목이야 춥다 들어가자 근데 술 먹는 대신에 대리로 만족하자 뭘로 먹을래 내일 쉬니 맘껏 마샤 그래 살기 싫어 문제도 있고 술에 취해도 내일만 되면 더 힘들어 나도 그 느낌 알지 부축해줄게 괜찮니 엄마가 보고 싶고 아빠는 미워 전 남친 때문에 이젠 남잘 못 믿어 나도 그 느낌 알지 부축해줄게 괜찮니 침대는 너무 좁아 내 꿈을 펼치기엔 일어났어 이젠 이 세상이 내 침대 근데 침대에서 꿨던 꿈은 거창했는데 내 옆에 지나가는 차가 몰고 왔던 바람에 가볍게 날아다녀 난 두 손을 뻗어 잡으려고 바둥거릴 때 봤던 사람들의 표정 난 고개를 숙여 더욱 더 작아지는 몸 여드름은 늘어 햇빛을 똑바로 못 보고 감싸안아준 엄마 품도 차가운 온도 양복입은 너는 하찮아 보이니 내 목표 할머니 여기 와서 가져가요 나는 폐품 현실과 나 사이에서 생기는 김혜수보다 더 깊은 골 눈에 힘은 풀고 소주 몇 잔 같이 하면 끄덕일거야 내 고통 그러니 상처는 그만 너도 힘든 거 알아 혹시 내가 먼저 말 할 수도 있잖아 그 말 괜찮냐 그래 살기 싫어 문제도 있고 술에 취해도 내일만 되면 더 힘들어 나도 그 느낌 알지 부축해줄게 괜찮니 엄마가 보고 싶고 아빠는 미워 전 남친 때문에 이젠 남잘 못 믿어 나도 그 느낌 알지 부축해줄게 괜찮니 부축해줄게 괜찮니 힘들면 내게 기대 나도 그 느낌 잘 알지 나도 맨날 이래 부축해줄게 괜찮니 힘들면 내게 기대 나도 그 느낌 잘 알지 우리 술에 취해 취해 오늘은 다 잊고 옷을 갈아입어 취해 취해 오늘은 다 잊고 옷을 갈아입어 취해 취해 정장을 벗으니 다른사람 같아 이뻐 취해 취해 정장을 벗으니 다른사람 같아 이뻐 취해 취해 응응응응응응응응응응응응응응응응응응응응응응응응응응응응응응응응응응응응응응응응응응응응응응응응응응응응응응응응응아
3, 나는 너의 하얀 결혼식에 분홍색을 모두 입고 밤새 춤을 추고 속상한 일을 할 거야 나는 네가 나를 쫓아낼 때 웃을 거야 나는 벌써 세 번째 집에 달려가고 있어 나는 혼자 웃고 있어 적어도 쇼를 훔치고 싶어 나는 바보 같은 짓을 하고 싶어 나는 위선자라는 것을 인정해야 해 나는 그것의 편에 서는 것보다 훨씬 더 좋아해 나는 그것을 사랑하는 정신병자의 일부야 나는 바보 같은 짓을 하고 싶어. 내가 위선자라는 것을 인정해야 해. 나는 그것의 편이 되는 것보다 훨씬 더 좋아. 나는 싸이코를 사랑해. 그들이 나를 뭐라고 부르는지 듣고 싶어. 나를 욕하고 이 모든 이야기를 지어내나는 투표하지 않는 삶을 위해 죽이고 싶지만 미안하지 않다 나는 집으로 달려간다 나는 혼자 웃는다 적어도 나는 쇼를 훔쳤다 나의 일부는 바보 같은 짓을 하고 싶다 나는 위선자라는 것을 인정해야 한다 나는 그것의 편에 서는 것보다 그것을 훨씬 더 좋아한다 나는 바보 같은 짓을 하고 싶다 나의 일부는 바보 같은 짓을 하고 싶다 나는 그것을 인정해야 한다 나는 위선자라는 것을 인정해야 한다 나는 것을 인정해야 한다나는 그것을 사랑하는 싸이코야. 내 인생의 시간우리 모두는 그저 해골일 뿐이야 아드레날린을 위한 싸움에 동참할 뿐이야내 인생의 시간우리는 모두 해골일 뿐이다. 단지 싸움에 참가하고 싶다. 나의 일부는 바보 같은 짓을 하고 싶다. 나는 위선자라는 것을 인정해야 한다. 나는 그것의 편에 서는 것보다 훨씬 더 좋아한다. 나는 바보 같은 짓을 하고 싶다. 나는 그것의 편에 서는 것보다 훨씬 더 좋다. 나는 그것을 사랑하는 싸이코이다
3, 나는 일하는 사람 일을 하면 돈을 주니까 맨날 일하기 싫다 말하면서 일하러 간다 왜냐 월세 때문에 세금 때매 밥값 때문에 이런 의무적인 관계가 내게 책임을 물어 그 분은 말 한마디를 꺼내는 게 곱지가 않아 그게 무슨 말이든 나에게는 마음이 아파 별거 아닌 일에도 민감하게 욕을 하니까 상처투성인 내 맘속엔 이런 주문을 외워 죽어버려라 죽어버려라 죽어버려라 내게 돈을 주는 그대에게 주문을 외워라 죽어버려라 죽어버려라 죽어버려라 내게 화를 내는 그대에게 저주를 걸어라 또 표정이 굳어 이유가 없어 어이가 없어 무슨 욕을 먹는 게 내겐 업무의 옵션인가 봐 난 그럴 때마다 속이 쓰려와 가슴이 아파 그 분 내 이름을 부르면 우선 겁부터 나지 조금만 더해 놀아 뭐해 웃는 모습으로 거짓 표정 미소 짓고 한 귀로 흘려 자기 사업 하면 원래 민감하게 구는 거야 두 눈 맑게 표정 밝게 주문을 외워 표정을 밝게 주문을 외워 두 눈을 맑게 주문을 외워 죽어버려라 죽어버려라 죽어버려라 죽어버려라 죽어버려라 죽어버려라 죽어버려라 내게 돈을 주는 그대에게 주문을 외워라 죽어버려라 죽어버려라 죽어버려라 내게 화를 내는 그대에게 저주를 걸어라 죽어버려라죽어버려라죽어버려라내게 돈을 주는그대에게 주문을 외워라죽어버려라죽어버려라죽어버려라내게 화를 내는그대에게 저주를 걸어라나는 일하는 사람일을 하면 돈을 주니까맨날 일하기 싫다말하면서 일하러 간다  
3, 이래 다 그래세 보인대 어쩔래난 멋 부리네 더 꾸미네 못 말리네 불편한 말들이 또 선을 넘어난 또 보란 듯 해내서 보여줘 버려나도 사랑을 원해나도 평화가 편해하지만 모두가 자꾸 건드리네 내 멋대로 해 내 맘대로 해자꾸 건드리네 괜찮아 걱정 마 난 즐거워몇 살을 먹는대도 절대로 난 안 꿀리는 걸따라 하고 싶지 않아 남의 눈치 보지 않아자꾸 건드리네 어디 와서 싸구려를 팔아참지 않아 맘대로 맘대로 누가 뭐래도 나대로 내가 문제라면 답 없지 불편한 말들이 또 선을 넘어난 또 보란 듯 해내서 보여줘 버려나도 사랑을 원해나도 평화가 편해하지만 모두가 자꾸 건드리네 내 멋대로 해 내 맘대로 해자꾸 건드리네 괜찮아 걱정 마 난 즐거워몇 살을 먹는대도 절대로 난 안 꿀리는 걸따라 하고 싶지 않아 남의 눈치 보지 않아자꾸 건드리네 때론 눈물이 쏟아지기도 해결국 날 만든 게 눈물이기도 해 익숙해남들 신경 쓰지 마 절대로 누가 뭐래도 멈추지 마자꾸 건드리네 내 멋대로 해 내 맘대로 해자꾸 건드리네 괜찮아 걱정 마 난 즐거워몇 살을 먹는대도 절대로 난 안 꿀리는 걸따라 하고 싶지 않아 남의 눈치 보지 않아자꾸 건드리네 자꾸 건드리네 트러블 그래 나는 숙녀야 오 너는 나를 건드리지마 blah blah blah 그래서 내가 신경쓰지 않는 것은 뭐야 나를 건드리지마 너무 좋아 나를 건드리지마 누가 더 총을 쏘는지 말해줘 Nada를 상대하는지 말해줘 너는 문제가 없기를 원해 Hey 너는 보고 노려볼 수 있지만 나를 만지지마 blah blah blah 그래서 뭐야 care yeah yeah don't touch me 너무 좋은 오리지널이 되고 싶어 날 만지지 마 절대 만지지 마 blah blah blah 그래서 내가 신경 쓰지 않는 건 그래 그래 오리지널이 되고 싶어 날 만지지 마
3, 너 바쁜 거 알아근데 내게 정말 잠깐만마음을 열어 달란 말이야너의 미소 저장 마음에다너의 눈 우주 아까워 수면 네가 나의 전부 만들어 기준네가 원한다면 대령 당장 네 세계로초대해 주겠니 지금 당장단발에 큰 눈이너무 잘 어울리는 날카로운 눈매는찰랑이는 생머리가 단조로운 나의 삶이너의 향기로 가득해 그녀의 졸린 눈과 입술은안젤리나 졸리 그 마음 하나로 만족해 너무 익숙하게 섹시해도 부담되니까서툴러도 좋아어차피 눈에 콩깍지니까 이태원 홍대 강남은 어때너무 익숙해진 도시 생활뉴욕 아니면 엘레이 젊을 때너와 함께 갔으면 해 여행 네가 나의 전부 만들어 기준네가 원한다면 대령 당장 네 세계로초대해 주겠니 지금 당장 네가 원하는 것을 말해줘 만약 네가 나를 원한다면 소녀 내게 모든 사랑을 보여줘 난 더 이상 사랑에 빠질 수 없을 것 같아 내 마음은 충분히 강하지 않아 그리고 아기야너는 나를 무너뜨렸다 왜 너는 나를 혼자 내버려 두었니 이제 내 마음은 길을 잃은 소녀 나는 너를 만나러 가겠다 소녀들은 나는 너를 사랑한다 소녀들 나는 너를 사랑한다 하지만 너는 내가 사랑하는 유일한 소녀들 나는 너를 사랑한다 내가 사랑하는 유일한 소녀들 모든 사람들과 사랑하는 유일한 소녀들은 너는 내가 사랑하는 유일한 소녀들이다너도 알다시피 난 널 사랑해 난 항상 내 삶 속에 네가 필요해 난 널 사랑해 난 네가 필요해 난 널 최고로 자랑스러워해 널 내 프라다 배로 만들 거야 그녀의 얼굴이 작거나 엉덩이가 뚱뚱해 이 점은 정말 중요하지 않아 만약 내가 그녀를 사랑한다면 우리는 춤을 추는 것처럼 춤을 출 거야 나의 천사의 바닥에 닿을 거야 최고의 소녀들 나는 사랑해 하지만 너는 내가 사랑하는 유일한 소녀들 내가 사랑하는 유일한 소녀들 내가 사랑하는 유일한 소녀들난 널 사랑해 난 네가 필요해 난 항상 네가 내 삶 안에 있길 원해 넌 내가 널 사랑하고 난 네가 필요해
3, 세상의 모든 화려함을 얼굴에 달고 그 꼬리엔 모든 더러움을 몰래 감추고 언제나 웃음이 넘치는 텔레비 뒤엔 제도에 억눌린 당신들의 얼굴이 있고 방송국은 당신에게 웃음을 주고 대신 당신은 방송국에 자유를 팔고 티비는 사랑을 싣고 당신은 쓰레기가 되고 당신은 저녁뉴스를 보고 정치를 말하고 앵커맨은 대본을 보고 뉴스를 말하고 뉴스의 편집장은 그 대본을 미리 검사하고 정치가와 자본가는 그에게 지시를 내리고 당신이 알고 있는 건 뭔가 당신이 할 수 있는 건 뭔가 모든 방송국을 폭파시켜야 한다모든 텔레비를 폭파시켜야 한다모든 방송국을 폭파시켜야 한다시끄러운 그 주둥이를닥치게 하라 우리에게 아부하며 꼬리치며 온갖 쑈를 하며 우리의 돈과 힘과 피와 땀과 영혼을 빼앗고 언젠가 늙어 그 모든 걸 잃어갈 때쯤 방송국은 당신에게 칼날을 들이대겠지 당신이 알고 있는 건 뭔가 당신이 할 수 있는 건 뭔가 모든 방송국을 폭파시켜야 한다모든 텔레비를 폭파시켜야 한다모든 방송국을 폭파시켜야 한다시끄러운 그 주둥이를닥치게 하라모든 방송국을 폭파시켜야 한다모든 텔레비를 폭파시켜야 한다모든 방송국을 폭파시켜야 한다시끄러운 그 주둥이를닥치게 하라  
3, 난 오늘 아침에도문장을 머금은 채 눈 떴지 지난밤엔 악몽을 꿨지 내가 날 무덤에 파묻었지묻히면서도 시를 읊었지볼펜은 처녀를 더럽히듯노트에 씨 뿌리고끄적거리다 눈에 띈 건몇십 분이고 물어뜯어놔굼뜨거나 아예 눈도 못 뜨거나예쁘거나 낯선 이에게친절이 헤프거나 그따위 문장들은 볼펜이잠 들은 낮 시간에 지워버려난 벌써 한참 부른내 노래를 부정했지세상으로부터 날 분리해언어가 날 지배하는 곳이곧 나의 아뜰리에슬픔과 친한 게 기쁘진 않지만이 터널을 지난 뒤엔욕 섞어 침 한 번 뱉어버려오 그때 곁에서눈치만 보던 아내는 외로움에 울고 있었지 난 붐뱁은 이름을 얻고스탠다드를 내줬지난 노래를 얻고악마와 계약을 맺었지좋은 남자는 포기했어그녀마저 행복 위에서머무는 걸 포기했어다른 사람들이 보기에썩 괜찮은 놈인 척다른 놈과는 다른 놈인 척깨진 거울 속 망가진 내가탈레스의 구덩이에 빠진날 비웃네아내는 언제까지인 줄도 모르고기다려날 좀 혼자 두면 안 돼내가 되려 소리 질러망친 건 바로 난데세상 모든 아버지들에게물려받은 것만족과 만족의 등가교환날 가둔 덫괜시리 내 고난 속에그녀를 엮어놨나 봐한낱 달콤한 노래 땜에내게 도난당한 그녀 행복도난 다 노래로 갚고 만다며지금 이 순간에도 난 최악의 남자 최악의 남자최악의 남자최악의 남자최악의 남자 최악의 남자최악의 남자최악의 남자최악의 남자
3, 야 이제 다신 나를 찾지마너를 알고 만났던 거에 대한나의 후회내 이름부터 년까지 다니가 있다는 자체가 난 불편해니가 망친 거란 걸 넌 제발 잊지마니 거지같은 인터넷 친구들안 봐도 뻔해내 이름부터 년까지 다너 하나였다는 자체가 제일 큰 후회야 이제 다신 나를 찾지마너를 알고 만났던 거에 대한나의 후회내 이름부터 년까지 다니가 있다는 자체가 난 불편해니가 망친 거란 걸 넌 제발 잊지마니 거지같은 인터넷 친구들안 봐도 뻔해내 이름부터 년까지 다너 하나였다는 자체가 제일 큰 후회 내 말 뜻은 지금 내 옆에 애니가 말을 하면 베토벤 내가 무슨 말을 해야지 넌 편해져아 맞다 너는 불편하기 싫어 편해서난 말했지 그 계좌로는 돈 못 보내줘그 돈은 모으지도 않고 난 한 번에 써한 번했어안 변해서난 원했어사기꾼이 판이치는 세상 속에선돈벌인 커지고내 맘씀이만 검소해져야 이제 다신 나를 찾지마너를 알고 만났던 거에 대한나의 후회내 이름부터 년까지 다니가 있다는 자체가 난 불편해니가 망친 거란 걸 넌 제발 잊지마니 거지같은 인터넷 친구들안 봐도 뻔해내 이름부터 년까지 다너 하나였다는 자체가 제일 큰 후회야 이제 다신 나를 찾지마너를 알고 만났던 거에 대한나의 후회내 이름부터 년까지 다니가 있다는 자체가 난 불편해니가 망친 거란 걸 넌 제발 잊지마니 거지같은 인터넷 친구들안 봐도 뻔해내 이름부터 년까지 다너 하나였다는 자체가 제일 큰 후회 내 말 뜻은 지금 내 옆에 애니가 말을 하면 베토벤 넌 핑계만 대고 있어없는 얘기는 왜 지어난 편한 걸 베고 있어난 없어 노력할 필요난 조작 안해 내 기억너무 쉽게 누굴 지워난 핑계만 대고 있었어난 너가 너무나 싫어 나는 희미해지고 싶지 않아 비시 나는 차단하고 싶어 도망치고 싶어 비시 나는 차단하고 싶어 비시 나는 차단하고 싶어
3, 야너네 자랑하고 싶은 거 있으면얼마든지 해난 괜찮어왜냐면 나는 부럽지가 않어한 개도 부럽지가 않어어너네 자랑하고 싶은 거 있으면얼마든지 해난 괜찮어왜냐면 나는 부럽지가 않어전혀 부럽지가 않어니가 가진 게 많겠니내가 가진 게 많겠니난 잘 모르겠지만한번 우리가 이렇게 한번머리를 맞대고 생각을 해보자고너한테 십만원이 있고나한테 백만원이 있어그러면 상당히 너는 내가 부럽겠지짜증나겠지근데 입장을 한번 바꿔서우리가 생각을 해보자고나는 과연 니 덕분에 행복할까내가 더 많이 가져서 만족할까아니지세상에는 천만원을 가진 놈도 있지난 그놈을 부러워하는 거야짜증나는 거야누가 더 짜증날까널까 날까 몰라 나는근데 세상에는 말이야부러움이란 거를 모르는 놈도 있거든그게 누구냐면 바로 나야너네 자랑하고 싶은 거 있으면얼마든지 해난 괜찮어왜냐면 나는 부럽지가 않어한 개도 부럽지가 않어어너네 자랑하고 싶은 거 있으면얼마든지 해난 괜찮어왜냐면 나는 부럽지가 않어전혀 부럽지가 않어아 그게 다부러워서 그러는 거지 뭐아니 괜히 그러는 게 아니라그게 다 부러워서 그러는 거야부러우니까 자랑을 하고자랑을 하니까 부러워지고부러우니까 자랑을 하고자랑을 하니까 부러워지고아주 뭐 너무 부러울 테니까너네 자랑하고 싶은 거 있으면얼마든지 해난 괜찮어왜냐면 나는 부럽지가 않어한 개도 부럽지가 않어어너네 자랑하고 싶은 거 있으면얼마든지 해난 괜찮어왜냐면 나는 부럽지가 않어전혀 부럽지가 않어  
3, 주변 사람들이 나보고 미친 것 같대너도 날 보고 지금 좀 미칠 것 같대이해해 나도 내가 좀 미친 것 같아난 좀 미친 것처럼 리듬에 맞춰 춤도 춰한번 떴다 하면 여기저기 난리 나이 밤이 다 가도록 우리 모두 난리 나답은 정해져 있어 넌 그저 그저 아무렇게 그렇게 너도 나도 난리 나더는 널 외롭게 하지 마눈앞에 세상에이제 숨겨온 널 찾아봐 미쳐 소리 질러 즐겨 봐또 이 밤이 가잖아다 뛰어 흔들어날 보고 미쳐 따라 해 모두 다 미쳐미친 것처럼 그래 미친 것처럼좀 더 미친 것처럼미쳐 미친 것처럼미미 미친 것처럼 이미 미친 것처럼지금 내게 미친 것처럼 다 같이 다 같이 미쳐 못 믿겠으면 전화 걸어 따라올 수 없는 미쳐 어딜 가든 한번 작정하면 여기저기 난리 나이 몸이 지나가면 우리 모두 난리 나답은 정해져 있어 넌 그저 그저 아무렇게 그렇게 너도 나도 난리 나더는 널 외롭게 하지 마눈앞에 세상에이제 숨겨온 널 찾아봐 미쳐 소리 질러 즐겨 봐또 이 밤이 가잖아다 뛰어 흔들어날 보고 미쳐 따라 해 모두 다 미쳐미친 것처럼 그래 미친 것처럼좀 더 미친 것처럼 미쳐 미친 것처럼미미 미친 것처럼 이미 미친 것처럼지금 내게 미친 것처럼 다 같이 다 같이 미쳐넌 내게 미쳐 나만 믿고넌 내게 미쳐 봐널 내게 맡겨 나만 믿고널 내게 맡겨 봐아무것도 묻지 말고 나와 놀아오늘만은 따라와오늘만 날 따라 미친 척해날 보고 미쳐 따라 해 모두 다 미쳐미친 것처럼 그래 미친 것처럼좀 더 미친 것처럼 미쳐 미친 것처럼미미 미친 것처럼 이미 미친 것처럼지금 내게 미친 것처럼 다 같이 다 같이 미쳐 응 나는 여자 괴물이야너도 알다시피 지금 모든 사람들이 미쳐버릴 거야 레고 오케이 투나잇 크레이지 나는 이 근처에서 가십 걸처럼 미친 여자야 헤이 내 남자친구를 불러 클래스 뉴욕 파리 밀라노 도쿄 런던 오케이 투나잇 크레이지 크레이지 크레이지 크레이지
3, 일곱 번째 나팔소리가천지에 진동할 때조심스레 갈고 갈아온이 칼을 뽑아 드노라저주받은 자의애닯은 혁명이로다광풍 속으로 달려들 때비명 속에 나뒹구는저 원수의 주검을 보리라성난 얼굴로 돌아보라피를 흘리게 하라성난 이빨을 들어내어라피를 흘리게 하라펄펄 끓는 젊은 피가거꾸로 솟을 적에푸르게 날이 선칼끝에는 검광이 빛난다그 얼마나 기다려왔던가세상을 뒤집어 엎을 날을그날 밤은 바로 오늘밤영광 아니면 죽음뿐이다아 그날이 언제이더냐이를 갈며 기다린 날이아 드디어 때는 왔노라이 검을 휘두를 날이랄라라라라라라랄라라라라라라랄라라라라라라랄라라라라라우리의 앞길을 가로 막을 자그 누구라더냐저 철옹성을 쳐부수고서힘차게 맹진하노라짓밟힌 자들의처절한 복수리로다주먹 불끈 쥐고 일어설 때화염 속에 불타오르는저 철옹성의 끝을 보리라아 우리는 자랑스런대한국의 청년폭도힘차게 맹진하며골로 가는 청춘이다랄라라라라라라랄라라라라라라랄라라라라라라랄라라라라라성난 얼굴로 돌아보라피를 흘리게 하라성난 이빨을 들어내어라피를 흘리게 하라  
3, 컴백이 아냐 떠난 적 없으니까고개들이 돌아 진정해 목 꺾일라분홍빛의 얼음 게임이 아냐 진 적이 없으니까짖어봐 네 목에 목줄은 내 거니까땅바닥에 닿은 초록 비를 내려 머리 위로 겸손하게 그냥 앉아있어 간판 내리고 문 잠가 간판 내리고 문 잠가 네 다음 답안지야 똑바로 봐 뒤집어봐 이건 가격표야 간판 내리고 문 잠가 간판 내리고 문 잠가 블랙핑크 in your area blackpink in your area drip drip drip freeze on sight 무슨 페달로 우리가 2 0 5로 가는 거야 셧다운 어 어 어 어 어 어 어 어 어 어 그냥 앉아 아기 내 몰락을 위해 기도하는 많은 사람들이 내 람보르기니가 부릉 부릉 부릉 부릉 부릉 부릉 부릉 부릉 부릉 부릉 부릉 부릉 부릉 부릉 부릉 부릉 부릉 부릉 부릉 부릉 부릉 부릉 부릉 부릉 부릉 부릉 부릉 부릉 부릉 부릉 부릉 부릉 부릉 부릉 부릉 부릉 부릉 부우리가 차를 세울 때 당신은 그것이 셧다운이라는 것을 안다휘핑 휘핑 휘핑 휘핑 휘핑 휘핑 휘핑 휘핑 휘핑 휘핑 해가 지면 검은색이고 분홍색이다우리가 차를 세울 때 당신은 그것이 셧다운이라는 것을 안다휘핑 휘핑 휘핑 휘핑 휘핑 휘핑 휘핑 휘핑 휘핑 휘핑 휘핑 내가 닫는 것을 계속 보고 싶어 안 좋아 내가 만약 내가 너라면 나 세 명이 되고 싶어하는 많은 워너비들 사이로 미끄러져 들어와 우리가 투자한 여자 VVS로 전 세계 진주를 돌아다녔어 어 이 목걸이를 봐 우리가 사지 않는 드레스를 우리가 필요로 하는 것이다uhu 록스타 팝스타이지만 노 젓는 사람 파파라치에게 작별 인사를 해줘 내 좋은 면을 얻을 수 있어 내가 너를 위해 웃어줄게 지금 블랙핑크가 너의 지역에서 폐쇄된 것처럼 그것은 공평하지 않다는 것을 알아줘. 그것은 셧다운이야. 저렴한 아기에서 잠을 자지 마. 왜냐하면 나는 내 람보르기니가 vroom vroom vroom vroom vroom에 가는 것을 들을 때 나를 붙잡아oom 우리가 차를 세울 때 당신은 그것이 셧다운이라는 것을 안다휘핑 휘핑 휘핑 휘핑 휘핑 휘핑 휘핑 휘핑 휘핑 휘핑 해가 지면 검은색이고 분홍색이다우리가 차를 세울 때 당신은 그것이 셧다운이라는 것을 안다휘핑 휘핑 휘핑 휘핑 휘핑 휘핑 휘핑 휘핑 휘핑 휘핑 내가 계속 보고 있어 블랙핑크를 너의 지역에서 셧다운 해 워워워워워 너의 지역에서 블랙핑크를 셧다운 해 계속 말해 우리가 너를 셧다운 해
3, 지금 불이 꺼진 음악실에 몰래 들어가피아노를 치는 건 그 애가 확실해나날이 몰라보게 늘어만 가는 실력가느다란 손가락에 실려흘러나오는 음악에흠뻑 취해 넋을 잃은 채가슴을 적시네난 그애와 애인안 되면 친구라도 먹고 싶은데보통 애들의 기준에 예뻐보이는애는 아니지만 지금의무료함과 우울함으로가득찬 공기를 가르고건반 위로 손가락을 녹이는 작은 손어설픈 클래식 연주도 아니고찌들은 가요 쇼에 계속나오는 그런 음악도 절대로 아닌달콤하고 씁쓸한 젊음이 제대로 담긴독특한 그녀의 뒤로 다가가놀라게 했다면 미안 질문 하나만 어떻게 하면 너와 같이어울려서 그 좋은 것들을 할 수 있지 간단해악기 다룰 줄 알아그럼 있다가 나한테 와서신청서를 받아거기에 쓰라고 돼 있는 부분 다 쓰고니가 쓴 곡 있으면 가져와도 좋아혹시 아까 그 질문이 나하고 사귀고싶다는 뜻이면 그건 좀 두고 보자어디에서 모여 무엇을 하는지멀리에서 보면 너무 희미해나와는 상관 없어 보였던 모든 것들이제는 달라졌어 어어 어어 근데 사실 난다룰 줄 아는 악기 따윈하나도 없었거든하지만너와 함께 할 수 있는 기횐데 제발로내찰 순 없잖아 안 그래 이제야 말로평소 막연하게 동경했던 뮤지션의 꿈이뤄 볼 계기를 찾게 된 셈인 거겠군 집에 가자마자온 집안을 샅샅이뒤져 악길 찾아봤지건진 것들이라봐야트라이앵글 캐스터넷 리코더 탬버린또 건반 다섯 개쯤 빠진 멜로디언이고작이네 캐캐 묵은 좌절감이 내게속삭이네 주제에 음악은 무슨 음악맥이 탁 풀린 그 순간내 귀에 들리는 돼지 멱따주는 아랫 집 힙덕 형이 매일목 터져라 따라 쳐부르던 랩송아 그래 난 아직 한 가지가능성이 남아 있다는 걸 깨달았지난 우리 반 노래방 랩 수퍼스타니까저런 가산 십분 만에 쓸 게 분명함 연습장을 열고 연필을 쥐어방과 후 음악실 니 맘을 느끼며내 감각을 확장 과 를 따라널 가장 잘 그려내 줄 낱말들을 찾아 어디에서 모여 무엇을 하는지멀리에서 보면 너무 희미해나와는 상관 없어 보였던 모든 것들이제는 달라졌어 잠깐 잠깐 거기 너 나 좀 보자딱 구부러진 등 보니까흔들리는 눈동자갈팡질팡 거리겠지 너 혼자썼다 지웠다 이거 하면은 재미는 있을까거 참 간단한 일인데 왜 그리복잡하게 생각해 넌 그냥 음악이 좋아아님 그녀가 좋아그렇다면은 내가 좀 도와 줄게일단 그녀는 꿈 깨굳게 잠겨있는 마음의 자물쇠벌써 수십년이나 넘게 이 문제풀지 못하고서 군대로 가버렸대그리고 어떤 앤 그녀 얘기만 해도덜덜 떨던데 그러니까 기타 솜씨나 길러 참고로 그녀는기타 플레이어한테는 뻑 가버리던데어디에서 모여 무엇을 하는지멀리에서 보면 너무 희미해나와는 상관 없어 보였던 모든 것들이제는 달라졌어 미니홈피 사진은 사진빨하지만 그애는 너무 귀여워내 손보다 작은 발냉정하게 현실을 바라보는 눈그러면서도 웃을 때는 참 해맑게 웃는너만 보면 눈사람처럼 녹아 내가짧은 인생이란 시간속 너와 내가함께 있을 수 있다는 것이너무나 소중해그래서 너에게 이 노래를 선물해세상이 무너진다고 해도나는 전쟁이 나면 제일 먼저 네게 달려가그대 나의 나의 원 안으로들어와 너의 존재와 영혼은이미 나의 역사남이 성공이라 말하는 시간보다너와 함께하는 시간의 가치가 소중해로또 당첨 그런 거 나는 됐어그저 너와 행복한 미래면 좋겠어어디에서 모여 무엇을 하는지멀리에서 보면 너무 희미해나와는 상관 없어 보였던 모든 것들이제는 달라졌어 TV vibe 내 질문에 그녀가 대답했다 나는 들어가고 싶다 나는 원에 들어가고 싶다 나는 흐름을 쓰고 싶다 나는 쓰고 싶다 나는 원에 들어가고 싶다 나는 원에 들어가고 싶다 나는 원에 들어가고 싶다 나는 포기하고 싶다 나는 원에 들어가고 싶다 나는 너의 옆 원에 들어가고 싶다 나는 원에 들어가고 싶다 나는 원에 들어가고 싶다 원 안에서 나는 원 안으로 들어가고 싶다
3, 증명해 증명해 증명해 또 걔네들은 왕 이래 년째 믿고 가는 나의 촉 술 한잔이 내 눈빛은 내가 가는 길이 돼지 이제 돼지 빼내 문구점보다 해누구보다 목표들을 쫙 눕혀 마치 새 지폐내 목표는 결국내 손 안에 공감해 보겸처럼 애들 날 좋아해다 태울게 내 그릇 노아의 배난 붕 뜨지 않아 그저 떠나는 뭐만 하면 기사 쓰여질툴 전환해서 만든 억몸집은 작지만 자아는 거인병 내 인생 봐 은퇴 시킨 놈보단빚어낸 가어떻게 된 게 훨씬 더 많단 대체 왜 이렇게 쩔어요 변하지 않을 진린 내가 염소 몸 안에서 김이 나와도망 안 가 계속 싸워 내가 버는 돈은 기계가 다 세야 해내가 싸는 똥도 금거위가 있어 내 안에 내 자아도췬 솔까 인정해야 해정부는 정유라 말고내게 돈을 내야 돼 내 인생원 없이 철없이 쓰고 버렸지다릴 절었던 뚜벅이시절의 부모님의 뒷바라지를랩 하나로 벌었지 라는 뻔해 빠진자랑질이 나와는 멀어진 지오래지만 달라진 건 없이내 방은 느그오빠 솔직 하려 할 뿐 너가 열등하다고 말하고 싶지 않아사실 그렇지도 않은 거니까 너가 느끼는 건내가 뭐라 할 수 없지그저 기도하는 거지 난발표도 않았던 뮤비에 쏟은현금 약 만원버려진 돈인데 왜 하나도 안 아까워왜 안 아까워하냐고 묻는다면첫째 돈은 날 움직이지 않지둘째 실패가 나에게큰 영향을 주지 않을정도의 그릇이 내 안에 자리 잡았지아니 사실 그 액수가 그냥 내겐큰돈이 아닌 거였어 내 인생의 한 장면을그 돈으로그냥 구입한 거였어 모두 나와 같은 생각을 갖길성공의 기준이 돈이 되기보단실수와 실패에서 자유로워 지길행위가 목적이 되는 도전그러면 다 따라오는 걸그러면 다 따라오는 법내가 보여주고 있으니나는 보길 원해이제 이 신념을 따라오는 널사람들이 수군대네가수는 이래야지 된대방향을 권해 또 내게 내 품에 또다시 기대는 일과 여자 사이의 뒷구녕 빨긴 안 해 회식 의 자리를 과연 나 대신누가 해 나의 에서드러운 건 안 하지몰라본 애들이 귀가 넘 빠르지타고났어 다른 발음이너넨 나보다 연습을 안 하지그러고 모른대 난 매일 하니깐 모든 게 가능해무슨 일이 생겨도 이젠 가벼워계속 하품 시킨 너네들의 벌스한 푼 못 번 너의 가까워진 나의 꿈밤에 바뀐 나의 녹음실 안에서 떠다니는 나의 구름내가 또 이럴 줄 고민 안 해 하나두그냥 꾸준히 하는 중 이제 좀 쉬자 올라온 산이 있으면 경치를 봐 도착은 새 시작점이야 붉은 숫자가 없는 내 달력형 얼굴 못 본 지가 무려 반년 회동마저 개월 간격꼭대기에서 꼭 좆밥땔 회상하기로물론 바로 상석은 내 차지고뭣 모르던 것들 차츰 정신 차릴 걸용서하지 뭐 부자는 자비로워 인정죽어라고 일만 해댔으니까영어로 해석하면 이 나오지 인정방송국에서 푸대접 받다마마 년 연속남자 가수상을 타오지인정 해새로운 패러다임을 제시때로는 배우는 자세 넌 세월아 네월아 해 대신배 아플 땐 제발이쪽 겨냥해서 똥 싸진 말게 엉터리 열 오른 자식들 앉혀약 올리고 수당을 받죠 백수들내 결함을 찾는직업을 갖고 열일 하던데밟아 댈수록 펌프질밖에 안돼작은 날개 짓에 도는이상기후 눈 깜빡임은 번개하품은 태풍 계속 가는 클라이막스엠넷 광고 봤지다 끝난 줄 알았다가 잠시 후 계속돼 나는 몇 번의 펀치와 농담을 참을 수 있고 우리는 그들이 똥을 말하지 않는다고 말하지만 나는 그것을 1분 만에 지불했다. 밤의 스프라이트처럼 너무 밝게 빛나고 나는 섹시한 느낌을 알고 있다. 나는 모든 곳에서 어 너의 스웩이 무엇인지 알고 있다. 나는 너의 스타일이 무엇인지 너는 와우 나는 래퍼와 섹스하지 않는다. 나는 나는 눈이 있다는 것을 안다 버킷 리스트 나는 너를 다치게 하고 싶지 않아 화내지 마 제발 브로브루브루브루브루브루브루브루브루브루브루브루브루브루브루브루브루브루브루브루브루브루브루브루브루브루브루브루브루브루브루브루브루브루브루브루브루브루브루브루브루브루브루브루브루브루브루브루브루브루브루브루브루브루브루브루브루브루브루브루브루브루브루브루브루브루브루브나도 필인을 잡는 것을 알았던 Eam. 내려와. 헤이 지코 너는 산소가 필요해. 꺼지지 마. 계속해. 날 방해할 수 없어. 나는 돌팔이 의사야. 너의 인생에 신경 쓰지 마. 너의 평가에 신경 쓰지 마. 우우 곧 올 거야
3, 들어오라 해눈을 깔아 왜비밀로 할게네 부정과 죄전부 드러내자릴 넘보네눈감아 줄게네 본성과 뇌춤추는 저 장미를 꺾어완성한 왕관 나의 것다시는 얼신 못하게가시를 친 성관 여기까진 놓아줄게도망가 얼른 다신 붙잡히지 마그땐 보게 되는 거야나쁜 나쁜 아주 그냥 나쁜 나쁜 아주 그냥 나쁜 나쁜 아주 그냥 나쁜 다신 붙잡히지 마그땐 보게 되는 거야미친 그러 쥐어 나를 꺾어상처가 남은 손을 적셔 안아 너를 보듬어 주지술로 씻어 죄를 사하여주지 여기까진 놓아줄게도망가 얼른 다신 붙잡히지 마그땐 보게 되는 거야나쁜 나쁜 아주 그냥 나쁜 나쁜 아주 그냥 나쁜 나쁜 아주 그냥 나쁜 다신 붙잡히지 마그땐 보게 되는 거야미친 어떤 짓을 했건 말을 하건후횔 하건 상관없어난 나를 무너뜨려날 즈려밟은 너를 용서했어마지막 기횔 져버렸다니 참 안됐어기다려왔어 기대해왔어 이제 나쁜 나쁜 아주 그냥 나쁜 나쁜 아주 그냥 나쁜 나쁜 아주 그냥 나쁜 다신 붙잡히지 마그땐 보게 되는 거야미친 나를 보고 춤을 추고 나를 보고 나를 보고 춤을 추고 나를 보고 나를 보고 자비를 받고 비늘로 너의 몸에 장미를 던지고 나는 은혜를 받았다 나는 조로 가면을 쓰고 싶었다 나를 보고 싶었다 나는 춤을 추고 나를 보고 싶다 나는 춤을 추고 나를 보고 싶다 나를 보고 나를 보고 싶다 나를 보고 나를 보고 싶다
3, 넌 대체 왜 그래난 전혀 이해 못 해 그냥 정리하란 말을 이해 못 해 넌 못 버텨 온몸이길었네 손톱이기억이 끊겨 조금씩딱 죽기 직전만큼만너를 위해 누굴 만났었던 오늘 밤은 우리 둘의 너가 뭘 하고뭐라고 하던지 너가 뭘 하고뭐라고 하던지 이제 가야해 넌이자카야에서술 한 모금도 안 마신 내가널 데려다주겠어 그럼 넌이제 카이엔에서따듯하게 댑혀엉덩이랑 조심해 난 근데 지금 나는 남친 하지마 나도 안 할게 밀당은멍청이 겁쟁이 그런 이유는 딱 하나잖아 아깝다고 일초또 돌아서면 네비게이션을 무시하기 직전 가슴 좀 식혀라고 내 머린 시켜넌 집에 가야해시곌봐 난눈을 감아나쁜 남자 너가 뭘 하고뭐라고 하던지 너가 뭘 하고뭐라고 하던지 IZAKAYAIZAKAYAIZAKAYAIZAKAIZAKAYAWHY 너는 그렇게 말한다.너는 왜 그렇게 걷니왜 당신은 그렇게 사랑하는지 모르겠어요. 나는 어떤 문제가 있는지 알아요. 어떤 영화가 타거나 죽거나 상관없어요. 나는 할 수 있어요. 나는 할 수 있어요. 나는 할 수 있어요. 나는 할 수 있어요. 나는 할 수 있어요. 나는 괜찮아요.IZAKAYAIZAKAYAIZAKAYAIZAKAYAIZAKAYA 에어플레이어보다는 물질적인 타입으로 모두 대화한다 왜냐하면 그들은 당신의 눈을 쳐다보지 않았기 때문이다 하지만 나는 진심이었다 어 이자카가 그리울 것이다.YAIZAKAYAIZAKAYAIZAKAYAIZAYAIZAKAYAI 괜찮아 괜찮아 괜찮아 괜찮아 괜찮아왜 그렇게 말하는지너는 왜 그렇게 걷니왜 그렇게 사랑하는지왜 그런 식으로 섹스를 해왜 그렇게 말하니왜 그렇게 걷는지왜 그렇게 사랑하는지왜 그런 식으로 섹스를 해
3, 이 공간 속에 비밀 가까움은 가면 같은 우린 만질 수 없는 걸 믿지 너도 알지우린 알고 있지 더 가까워진 건 소리 보다 더 큰 벽 더는 참을 수 없어 난 깨버리지 난 깨버리지깨버리지내가 손대면 뭐든지가지게 돼 나의 온기손끝에 닿는 순간 빠진 느낌 내게 가까이 닿아봐 내가 널 이끄는 내가 널 움직인 내가 널 이끄는 내가 널 이끄는 내가 널 움직인 내가 널 이끄는 내가 널 이끄는 대로 움직여더 높이 너의 손을 뻗어난 또 다른 너와 나를 묶지또다시 묶인 다른 우리다른 우리난 절대적인 너의 네가 원해 가지고 싶다면 가져내 선택 난 더 너와 내가 시선을맞추길 바라왔지 나만 따라와 저 멀리널 데리고 난 겁 없이더 큰 하나를그리고 싶어졌어 모두 다시 태어난 것처럼내 세계로 와다들 물 만난 듯 노래해 내가 널 이끄는 내가 널 움직인 내가 널 이끄는 내가 널 이끄는 내가 널 움직인 내가 널 이끄는 기분 내키는 대로좀 더 믿고 다가서 줘이젠 눈을 감아 앞에 펼쳐질나의 세계를 맘껏 들이쉬어그대로 충분해 넌 아름다워손끝의 소통 이건 때려 쳐 대신 직접 부질없는 내가 나타내줄게난 알아 너의 널 애태우게 할 놈 구스구스 네 을 직접 할 거야 이건 내가 널 이끄는 내가 널 움직인 내가 널 이끄는 세상 밖에서만 찾던 세계온전하게 조화롭던 세계누구라도 원이 될 수 있게보내볼래 나의 노래 월드 shimmy shimmy give me Woo wild you wild woo yeah 나한테 Woo woo week you want you know 세상은 우리의 것이라는 걸 너는 알고 있어 내가 보스라는 걸 너는 내가 보스라는 걸 너는 내가 보스라는 걸 너는 내가 보스라는 걸 너는 내가 보스라는 걸 너는 내가 보스라는 걸 알지 않아 너는 내가 보스라는 걸 알지 않아 너는 알지 않아 너는 알지 않아 너는 알지 않아 너는 내가 보스라는 걸 알아오 나는 오 보스라는 것을 모르니 나는 그 남자를 좋아해 그게 내가 필요한 거야 나는 알아 나는 보스야 너는 내가 보스라는 것을 알아 너는 내가 보스라는 것을 알아 너는 내가 보스라는 것을 알아 너는 내가 보스라는 것을 알아 너는 내가 보스라는 것을 알아 너는 내가 보스라는 것을 알아 나는 네가 보스라는 것을 알아 나는 너는 네가 보스라는 것을 알아 ma 그냥 줘 더 가까이 줘 더 가까이 다가와 페이크 플라이 너에게 다이빙 할 수 있어 나는 너를 위해 그것을 작동시킬 수 있어 나는 너를 위해 보스가 됐어 포스트 필요 없어 이제는 두려움을 느끼지 않아 우리는 눈이 맞아 나는 보스야세상으로 핫도그는 내가 입은 것처럼 나는 가볍게 따라잡을 것이다 도어벨 노크 직접 신호 너는 내가 보스인 것을 알지 못하니 너는 내가 보스인 것을 알지 못하니 너는 내가 보스인 것을 알지 못하니 너는 내가 보스인 것을 알지 못하니 너는 내가 남자라는 것을 알지 못하니
3, 무궁화 꽃이 피었습니다우리 빼고 모두 다 멈춰지담이 꽃이 피었습니다현아 빼고 모두 다 비켜도망가 너나 가어서 도망가 싫은데도망가 너나 가어서 도망가 싫어 싫어 얼음 땡 얼음 땡 얼음 땡얼음 땡 얼음 땡처음 몰래 들어간 클럽넌 자유를 가지고 싶어 그럼두리번거리다 느낀저 구석 뜨거운 느낌 저 언니 나처럼 따분한 눈빛지금 우린 머리부터발끝까지 빨개요심심해 재미있는 일만드는 게 어때요쫄보가 아냐 없어 핑계 핑계혹시 걸리면언니가 미인계 미인계 어린 나이에내가 가진 게 좀 더 많아어째 요즘 들어내가 가진 게 이제좀 더 많았으면 해사실 좀 더 많았으면 해내가 원래 욕심이 많아여기서 이제 훔쳐보려 해저기 날 계속 훔쳐보는 애도망가 너나 가어서 도망가 싫은데도망가 너나 가어서 도망가 싫어 싫어 얼음 땡 얼음 땡 얼음 땡얼음 땡 얼음 땡 거기 내가 보여 줄게 절대 난 비슷한 건 못 참아그냥 앞서는 게 내 수군대는 쟤들매일 쓰린 속 달래는루저들의 남 헐뜯기매가 약이다마는사이즈가 다른 가슴어쩌겠어 넓은아량으로 용서하는삶의 작은 기쁨아무것도 난 몰라요거짓말 치면 혼나요왜 이리 나를안 잡아서 안달이 났나높은 곳에 있는 날 어떻게 잡나 그저 내게 귀여운 넌 오늘 밤 난 그저 거리의 시인내 가치는 올라 매일 인정해나도 내가 너무 잘난 걸도망가 너나 가어서 도망가 싫은데도망가 너나 가어서 도망가 싫어 싫어 얼음 땡 얼음 땡 얼음 땡얼음 땡 얼음 땡너네 손가락질이기적인 두 명남자들은 불러 오 주여운명은 분명 내 편이야아무리 기고 오를래도 내 쩌리야무궁화 꽃이 피었습니다우리 빼고 모두 다 멈춰지담이 꽃이 피었습니다현아 빼고 모두 다 비켜도망가 너나 가어서 도망가 싫은데도망가 너나 가어서 도망가 싫어 싫어 얼음 땡 얼음 땡 얼음 땡얼음 땡 얼음 땡 얼음 얼음 얼음 얼음 얼음 당연히 언니 얼음 얼음 얼음 얼음 얼음 헤이 랩 스타 스타일 허 실리 빌론 얼음 얼음 얼음 얼음 얼음 얼음 얼음 얼음 얼음 얼음 얼음 얼음 얼음 얼음 얼음 얼음 얼음 얼음 얼음 얼음 얼음 얼음 얼음 얼음 얼음 얼음 얼음 얼음 얼음 얼음 얼음 얼음 얼음
2, 발견으로 태어날 테니 이렇게만 적을래 깨지고 부딪혀도 나 가는 길에는 차질 없어 가끔 외롭긴 해도 저 멀리 푸른 점에 잘 살고 있는 사람들은 끝없이 여길 동경하겠지 살별의 그림자가 돌덩이에 지나지 않더라도 타오를 거야 궤도에 존재하는 이유 이 비행의 끝에는 분명 너의 소원이 될 거라고 작은 목소리로 우리에 축복을 빌어볼게 질문은 접어두자 지금 이순간 의심은 없어 목적을 확실하게 왜 빙빙 맴도냐고 그런 말을 들을 시간 없어 사실이 아니란 걸 알아 살별의 그림자는 뜨겁게 녹아가는 얼음 속에 타오를 거야 궤도에 존재하는 이유 이 여정의 끝에서 분명 너의 미래가 될 테니까 작은 목소리로 우리에 축복을 빌어줘 한 순간에 사라질 무력한 우주 먼지에는 세상에 새겨질 서로 다른 이야기가 있어 하고 싶었던 중요한 얘기가 있어 듣기만 해줘도 돼 영원이란 것 그 속에 잠들어 버린대도 나를 잊지 말아 줘 뜨겁게 타오를 때에 네 곁에 있을게 살별의 그림자가 돌덩이에 지나지 않더라도 밝게 타올라 궤도에 존재하고 싶어 이 비행의 끝에서 하나 너의 소원을 들어줄게 아마 그건 네가 가졌던 힘과 용기일 거야cYH
2,뭔가 좀 답답해 숨을 쉬고 있어도 숨이 막혀 호흡이 가뻐 하루가 멀다 하고 넘어지기에 바뻐 삶의 무게가 어깨를 짓눌러 분명 휴식이 필요해 숨 쉴 공간이 필요해 좋은 대화가 필요해 나쁘지 않은 낯설음과 느리게 가는 그 시간과 좋은 술 한잔이 필요해 우리 지금 이대로 떠나버릴까 잠시 다 내려놓고 훌쩍 떠날까 어디든 좋으니까 잠시 다 잊고 우리 지금 이대로 떠나버릴까 그래 버릴까 뭔가 좀 막막해 얘길 하고 싶어도 마음이 닫혀 말문이 막혀 하루가 멀다 하고 멀어지기에 바뻐 어떻게 해도 슬픔에 잠겨 잠겨버린 이 마음에 맞는 열쇠가 필요해 있을 거라고 생각해 두려움 없는 설레임과 살아 숨 쉬는 감정들과 유치한 희망이 필요해 우리 지금 이대로 떠나버릴까 잠시 다 내려놓고 훌쩍 떠날까 어디든 좋으니까 잠시 다 잊고 우리 지금 이대로 떠나버릴까 그래 버릴까 뭐가 이렇게도 복잡한 건지 이미 답은 나와 있는데 왜 아직도 이곳에 우리 지금 이대로 떠나버릴까 잠시 다 내려놓고 훌쩍 떠날까 어디든 좋으니까 잠시 다 잊고 우리 지금 이대로 떠나버릴까 우리 지금 이대로 
2,누가 이해할까요 걱정하긴 하나요 난 알고 있어 너의 잃어버린 미소 울지 마 나락에 서 있죠 난 솔직히 무서운 걸 어둠이 앞을 가릴 때 너 자신을 잃어버릴 때 세상에 혼자라 느껴질 때 어른이 되어간다는 게 이리도 추운 건가요 등불에 의지하기엔 시린 곳이 너무나 많죠 시간 지나 넌 웃고 있을 거야 날 가두던 그 마음 한 켠의 속 사이로 흘러가 행복한 순간들을 누가 뭐라 할 수도 없죠 소중한 사람 온 세상에 따뜻한 나란 걸 알려줘 나락에서 본 세상 너머 보았죠 나도 그런 적 있었단다 방황이란 차가운 바람 파고들 때 필요했던 사람 하나 없다고 느껴질 때 무거웠던 그 맘 아냐 사실 난 필요했던 거야 말할 용기가 칠흑 같던 머리 안은 새하얀 백지장 다시 차례대로 그려가면 돼 날 가두던 그 마음 한 켠의 속 사이로 흘러가 행복한 순간들을 누가 뭐라 할 수도 없죠 소중한 사람 온 세상에 따뜻한 나란 걸 알려줘 나락에서 본 세상 너머 보았죠 어둠이 앞을 가릴 때 저 앞에 빛이 보이네 나 자신을 잃어버릴 때 사실 난 알고 있죠 혼자라고 느껴질 때 너는 혼자가 아니야 누가 뭐라 할 수도 없죠 소중한 사람 온 세상에 따뜻한 나란 걸 알려줘 나락에서 본 세상 너머 보았죠 나는 내가 더 나은 삶을 찾았으면 좋겠어 모든 것이 괜찮을 거야. 잊지 마. 나 자신을 사랑해. 나 자신을 사랑해. 나는 더 나은 삶을 찾을 수 있기를 바라. 나는 더 나은 삶을 찾을 수 있을 거야. 나는 더 나은 삶을 찾을 거야. 너는 더 나은 삶을 찾기를 바라. 나는 더 나은 삶을 찾을 거야. 나는 괜찮을 거야
2,쏟아지는 햇살에 시원한 바람까지 다 모두 널 위한 거야 자 힘을 내봐 더는 두려워 말고 다시 털고 일어나 뭐 누구나 한 번쯤은 넘어질 수도 있잖아 조급해 할 필요는 없어 천천히 가도 좋아 늘 꿈꿔왔던 그 순간은 항상 네 곁에 있어 달려 보자 자 힘을 내 우리 함께 하는 거야 아름다운 열정으로 달려 보자 자 힘을 내 용기 내 보는 거야 지금부터 시작이야 가끔 생각지 못한 비바람에 젖어도 네 맘의 태양이 널 일으켜 줄 거야 네 꿈이 이루어질 그날을 떠올려봐 자 하나 둘 상상만으로 가까워지고 있잖아 네 곁에 항상 있어줄게 천천히 가도 좋아 새롭게 펼쳐질 내일이 지금 네 앞에 있어 달려 보자 자 힘을 내 우리 함께 하는 거야 아름다운 열정으로 달려 보자 자 힘을 내 용기 내 보는 거야 지금부터 시작이야 지치고 힘들 때 이것만 기억해 네겐 너무 소중한 꿈이 있다는 것 함께 가자 꿈을 찾아 밝게 빛날 너를 향해 하늘높이 소리쳐봐 함께 가자 꿈을 찾아 용기 내 보는 거야 지금부터 시작이야 함께 가자 꿈을 찾아 우리 함께 하는 거야 아름다운 열정으로 함께 가자 꿈을 찾아 용기 내 보는 거야 지금부터 시작이야 가자 가자 가자 가자 가자 가자 가자 가자 가자 가자 가자 가자 가자 가자 가자 가자 가자 가자 가자 가자 가자 가자 가자 가자 가자 가자
2,"꽃길이었으면 해 우리들 새로운 시작이 널 엄습하는 불안감도 이해가 돼서 난 가만히 앉아 있을 수 없네 걍 응원이라도 해볼까 해 난 네게 전활 걸었지 오랜만에 놀러와 내가 살게 그대로야 우리 집은 똑같은 동네 똑같은 곳에서 살어 너와 나 매일같이 돌아다녔던 그때완 좀 달라졌지 난 그대로기에 얼마 만이야 나도 생각나 아무 생각 없이도 재밌던 그때가 말야 다 같이 모였던 날이 몇 년 만인지 먼저 연락 줘서 고마워 예전같이 놀 수는 없잖아 생각 없이 당장 내일 아침부터 일이 있어 갈 순 없겠지만 꽃길이었으면 해 우리들 새로운 시작이 널 엄습하는 불안감도 이해가 돼서 난 가만히 앉아 있을 수 없네 걍 응원이라도 해볼까 해 내가 누누이 말한 조심하란 게 가끔씩 모든 관계가 비즈니스 같애 핸드폰 뚜뚜뚜뚜뚜뚜 안 들려 뚜뚜뚜뚜뚜뚜 이미 서로 버티고 있다는 걸 알아 이 얘기를 할 수 있는 널 제외하면 아마 내 주소록에 옮길 사람은 얼마 안 남아 요금제 괜히 무리해 무제한함 우린 항상 둘이 앉아서 피자를 먹거나 영화를 보곤 했지 하지만 지금 니가 떠난 소파에 싱크홀 뒤에 걸린 그 그림 그 방 이젠 추억이 되었네 꽃길이었으면 해 우리들 새로운 시작이 널 엄습하는 불안감도 이해가 돼서 난 가만히 앉아 있을 수 없네 걍 응원이라도 해볼까 해 어디 갈진 몰라 너도 알겠지만 어디 갈진 몰라 너도 알겠지만 우리는 그것을 마치 우리가 그것을 부르는 것처럼 나는 그저 옛날처럼 지폐를 만들었지만, 나는 그것이 중요하다고 생각하지 않는다. 하지만 너는 그것이 긴 한 해였다고 말했지만, 너는 새로운 직업과 아이들을 얻었고, 우리는 그것을 우리가 노래하는 것처럼 멋진 밤을 보낸다. 그래서 아무도 너에게 우리가 인생이 이런 식으로 노래할 것이라고 말하지 않았다. 내 친구들이 탈 것처럼 나는 가기 싫다오드비에스 내 친구들은 모두 탈 거야 난 작별인사 하기 싫어"
2,밉게 우는 건 이제 그만 할까 이대로 어디로든 갈까 아니면 눈을 감을까 그렇게 아픈 건 잊어지지 않아 시간에 기대어 봐 가만 한낮에 꿈을 꾸듯이 살랑 바람이 가만히 날 어루만져 눈물이 날려 같이 있으면 마음을 읽어주는 사람 그래 줄 사람 어디 없나 비가 내리면 햇살을 대신하는 사람 늘 같은 사람 어디쯤 있나 행여나 그 사람 내 곁으로 오면 하루 다 나를 안아주면 그때나 웃어나 볼까 나만 혼자란 생각만 안 들게 해줘 날 웃게 해줘 같이 있으면 마음을 읽어주는 사람 그래 줄 사람 어디 없나 비가 내리면 햇살을 대신하는 사람 늘 같은 사람 어디쯤 있나 행여나 그 사람 내 곁으로 오면 하루 다 나를 안아주면 그때나 웃어나 볼까 졸리운 책은 덮어두고 한낮에 꿈을 꾸듯이 
2,내가 꿈 찾아 행복 찾아 하루하루 살아가다가 만나버린 괴로웠던 순간들 이 또한 다 지나가리라 피할 수 없다면 즐겨라 퇴근길에 편의점 네 개에 만원인 캔맥주 원플원 과자 두 봉 기다릴 울 냥이 통조림 간식 하나 세상 편한 차림으로 침대 위에 걸터앉아 최신 업뎃 영상 본다 눈 호강에 입 속 가득 찬 단짠의 조화 내가 꿈 찾아 행복 찾아 하루하루 살아가다가 만나버린 괴로웠던 순간들 이 또한 다 지나가리라 즐길 수 있을 거야 너는 좁은 방에 매트 깔고 생전 처음 해 본 요가 체중계에 올라서서 어제와 같은 몸무게에 안도하며 배달 앱에 단골 식당 요리조리 찾아보고 또 조리요리 찾아보고 이런 맛에 살지 내일도 일하러 간다 내가 꿈 찾아 행복 찾아 하루하루 살아가다가 만나버린 괴로웠던 순간들 이 또한 다 지나가리라 즐길 수 있을 거야 너는 인생이 별건가요 똑같아요 열받고 힘들면 한잔하고 꿀잠 자고 그러다 웃고 내가 꿈 찾아 행복 찾아 하루하루 살아가다가 만나버린 괴로웠던 순간들 이 또한 다 지나가리라 즐길 수 있을 거야 너는 내가 꿈 찾아 행복 찾아 하루하루 살아가다 만나버린 고민들 이 또한 다 지나가리라 즐길 수 있을 거야 너는 
2, 내가 왜 이렇게 된 거죠 제발 누가 말 좀 해줘요 어린 시절 내가 찢었던 행운의 편지 때문일까요 그래요 우습죠 항상 지나간 뒤에 뒤돌아보며 늘 후회를 해요 나는 매일 걷곤 하는데 항상 같은 거릴 걷는데 왠지 낯선 기분일까요 왜 숨이 가빠 오는 걸까요 그래요 사는 게 힘들어 그런가 봐요 늘 외롭고 지친 하루하루 행복하게 사는 거죠 함께 걸어가는 거죠 산다는 게 그런 거죠 밤이 가면 또다시 아침이 오는 거죠 나는 항상 달려가는데 오직 앞만 보며 걷는데 왜 늘 제자리인 걸까요 자꾸 나만 힘들어 보일까요 그래도 괜찮죠 잠시만 멈출래요 먼 하늘 보며 숨을 고르고 행복하게 사는 거죠 함께 걸어가는 거죠 산다는 게 그런 거죠 밤이 가면 또다시 아침이 오는 거죠 아주 잘 하고 있어요 조금만 더 힘을 내요 산다는 게 그런 거죠 밤이 가면 또다시 아침이 오는 거죠 좋은 날 좋은 날 좋은 날 좋은 날 좋은 날 좋은 날 좋은 날 좋은 날 좋은 날 좋은 날 좋은 날 좋은 날 좋은 날 좋은 날 좋은 날 좋은 날 좋은 날 좋은 날 좋은 날 좋은 날 좋은 날 좋은 날 좋은 날 좋은 날 좋은 날 좋은 날 좋은 날 좋은 날 좋은 날 좋은 날 좋은 날 모두 좋은 날 좋은 날 좋은 날 좋은 날 좋은 날 좋은 날 좋은 날 좋은 날 좋은 날 좋은 날 모두 좋은 날 좋은 날 좋은 날 좋은 날 좋은 날 좋은 날 좋은 날 좋은 날 좋은 날 좋은 날 좋은 날 좋은 날 좋은 날 좋은 날 좋은 날 좋은 날 좋은 날 좋은 날 좋은 날 좋은 날 좋은 날 좋은 날 좋은 날 좋은 날 좋은 날 좋은 날 좋은 날 좋은 날 좋은 날 좋은 날 좋은 날 좋은 날 모두들 좋은 하루 되세요 좋은 하루 되세요 모두들 좋은 하루 되세요
2,도대체 나답다는 게 뭔데 다 포기하려는 날 또 말리는 사람들 할 수 있단 말은 그대들 입버릇 그만할래 포기하겠어 되돌아가는 것도 큰 용기야 내키지 않는 것은 다 억지야 오 펑펑 울다 지쳐 잠들면 다른 세상이 나를 반겨 줄 테지 바닥을 치고 오르면 다시 다가갈 꿈이 보여 편한 삶을 원친 않았어 나 가려 했던 그곳 좀 고단했었던 길 긴 터널의 그 끝에는 빛이 내렸지만 더 가까워지진 않더라 희망이란 고문을 다 견뎠지 나를 다그치고 몰아세웠어 오 펑펑 울다 지쳐 잠들면 다른 세상이 나를 반겨줄 테지 바닥을 치고 오르면 다시 다가갈 꿈이 보여 나와 했던 약속들을 어기겠어 희망 하나로 아프다면 비겁해 질래 주저앉을래 날 사랑할래 또 다른 실패 향해 걷는다 그 길에 무너져도 세상은 비웃겠지만 내가 떳떳했으니까 됐어 
2,지친 이 하루 멈춘 나의 걸음 누구도 내게 알려준 적 없는데 벌써 까마득한 내일 머물고만 싶어 어제에 너무도 빠르게 다 변하는 것 같아 난 멈춰 있는데 부정적인 생각은 다 버리고 갖다 버려 긍정적인 을 가지고 습관 들여 한 걸음 한 걸음 가자 멈추지만 않으면 끝이 아니니까 천천히 네 속도로 가도 괜찮아 남들과 비교하지 말고 나는 나의 길로 가면 돼 꿈을 꾼다 생각해 그래 우린 어디로든 언제든 좋은 기억만 간직해 시간을 걷는 기약 없는 우리만의 우리의 여행 끝을 모르는 여행 진심을 가린 애써 마음을 감추는 덜 자란 어른이 돼 버린 나에게 그리고 나와 같은 너에게 화려한 조명 뒤 감춰진 쓸쓸해 보여 어두운 내 그림자 늘 맑았기에 그 가면 뒤에 숨겨왔던 상처들을 꺼내 작은 바람에도 흔들려 생각은 나를 또 삼켜 그럼에도 인생이란 여행 설렘이 가득해서 꿈이 가득 찼던 어릴 적 세상은 더는 없어도 이젠 인내와 용기를 담아 더 튼튼해진 캐리어 꿈을 꾼다 생각해 그래 우린 어디로든 언제든 좋은 기억만 간직해 시간을 걷는 기약 없는 우리만의 걸어도 걸어도 아득하기만 해 맨 처음 내 시작은 나쁘지 않았었는데 그래 다시 가보는 거야 우리의 여행 삶이란 게 그렇지 어디로든 언제든 좋은 기억만 간직해 시간을 걷는 기약 없는 우리만의 여행마음가짐 한번에 한 걸음씩 가자 괜찮아 천천히 해봐 이건 끝이 아니라는 걸 알아 여행자 Go to the end Traveler 이게 끝이 아니라는 걸 알아 여행자 Go to the end Traveler Oh and Go to the end Traveler
2,해가 지는 바쁜 하루 네가 혼자란 생각이 들 때 상처받은 마음을 위로해 줄게 내 손을 잡아 다 잘될 거야 전부 아무런 걱정하지 마 잘 자 오늘 밤에는 좋은 꿈 꾸길 행복해지길 너의 앞에 오르막길 때론 지치고 힘이 들어도 힘을 내자 너의 손을 잡아줄게 힘을 내보자 이 하루 끝에 부디 너의 행복이 있기를 혼자 외롭지 않게 함께 있을게 함께 걸을게 모든 게 다 잘될 거야 전부 아무런 걱정하지 마 잘 자 오늘 밤에는 좋은 꿈 꾸길 행복해 지길 부디 힘을 내주길 
2,닿을락 말락 세상은 왜 이틀에 한번 미치겠어 울적이게 해 그럴 때마다 빨라지는 심장 잠도 못 자 빨개져 눈만 너네보다 부족한 점 난 알아 목표에 의심도 꽤 많은 것 같아 말이야 내려놓고 싶어 사실 근데 무겁기에 버티려 했지 넌 매 순간 진심으로 그 순간은 올 거야 무조건 한숨도 못 자던 네 꿈밖으로 별비 쏟아지는 그대여 이제 외로워 마요 못 알아줘도 파랑새보다 멋지고 찬란한 그대는 꼭 승리할 거야 가고 있잖아 될까 말까 해 노력해도 그럼에도 해왔으니까 그걸로 됐어 계속되는 어려운 선택과 애써 넘겼던 못된 내 기분들도 당신의 작은 이름 누구도 쉬운 한정을 지을 수 없어 그 속엔 무한한 필름 아무도 모르는 과정을 찍은 끝은 영화가 될 거야 굽은 어깨 펴고 확신을 가져도 돼 불안한 마음에 속거나 하면 안 돼 날개는 충분히 넓어 날 수 있어 그대로를 믿어 간절한 미래에서 난 말해 주고 싶어 별비 쏟아지는 그대여 이제 외로워 마요 못 알아줘도 파랑새보다 멋지고 찬란한 그대는 꼭 승리할 거야 가고 있잖아 비스타 오 비스타 우우우우우우우우우우우우우우우우우우우우우우우우우우우우우우우우우우우우우우우우우우우우우우우우우우우우우우우우우우우우우우우우우우우우우우우우우우우우우우우우우우우우우우우우우우우우우우우우우우우우우우우우우우우우우우우우우우우우우우우우우우우우우우우우우우우우우우우우우우우우우우우
2, 매일 반복되는 날 우리는 힘을 내요 지켜줘 우리는 힘을 내요 악수 없이도 깨끗하게 넌 가까이 멀리서 매일 반복되는 날 우리는 힘을 내요 지켜줘 우리는 힘을 내요 다 함께 다 함께 우리는 힘을 내요 지켜줘 지켜줘 우리는 힘을 내요 나는 네가 무엇을 생각하고 있었는지 알고 있다 네가 무엇을 말했는지 안다 지금은 그것이 미쳤다는 것을 알고 있다 오오오오오 우리는 이런 문제가 발생한 적이 없다 꽤 빨리 퍼지기 전에는 이런 문제가 없었다 오오오오오오오오오오오오 너가 통제할 수 없는 것이지만 내가 어떻게 이 모든 것을 극복할 것인지 보여줄게 그래 너의 손을 씻어라 너의 비누를 씻어라 n clean clean 너의 마스크를 심플하게 쓸 수 있어 Baby 같이 이길 수 있어 Baby Ohanna na na na na na 같이 이길 수 있어 Baby 같이 이길 수 있어 Baby 같이 이길 수 있어 Baby 매일 그래서 우리는 Baby show your love hello hero NOOK 당신이 통제할 수 없는 것이지만 우리가 어떻게 헤쳐나갈지 보여줄게 이것은 나와 함께 와라 그래 너의 손 비누를 깨끗하게 씻어라 너의 마스크를 심플하게 써라 정말로 우리는 함께 이길 수 있다 우리는 매일 간다 우리는 하나이다 우리는 하나이다 우리는 함께 이길 수 있다 우리는 매일 우리는 오나나나 나나 나나 우리는 매일 우리는 아기와 떨어져 있다 우리는 너의 부분을 지켜라 그래 더 많은 생명을 구하자 그래 떨어져 있어라 그래 떨어져 있다 그래 너의 파트를 해줘 그래 안전하게 더 많은 생명을 구하자 그래 손을 씻자 그래 깨끗하게 비누칠을 해줘 날 따라 깨끗하게 해줘 정말로 마스크를 써줘 심플하게 해줘 우리는 함께 이길 수 있어 매일 오 오 오 오 오 오 오 오 오 오 오 오 오 오 오 오 오 오 오 오 오 오 오 오 오 오 오 오 오 오 오 오 오 오 오 오 오 오 오 오 오 오 오 오 오 오 오 오 나 우리 하나로 우리는 이길 수 있어 매일 같이 그래서 우리는 간다 우리는 간다 자기야
2, 다 마음대로 해 네 마음대로 다 마음대로 해 어때 하고 싶은 대로 해 좋은 날에 하고 싶은 대로 우린 아직도 꿈을 꾸고 가슴이 뜨겁게 뛰는 걸 오늘따라 하늘이 높네 기분도 날아갈 듯해 상쾌한 내음 한 모금해 뭐라도 해야 할 듯해 어쩐지 하나도 두렵지 않음 앞이 보이지 않고 세상이 휘청거려도 힘차게 뜻대로 되지가 않고 자꾸 어긋난대도 흘러가는 시간을 타고 다 마음대로 해 네 마음대로 다 마음대로 해 어때 하고 싶은 대로 해 좋은 날에 하고 싶은 대로 우린 아직도 꿈을 꾸고 가슴이 뜨겁게 뛰는 걸 지금 시작해도 절대 안 늦었어 누가 뭐라 해도 네 인생이니까 네 자신을 믿고 앞이 보이지 않고 세상이 휘청거려도 힘차게 아무도 대신 못 해 영원히 다시 오지 않을 이 밤을 위하여 다 마음대로 해 네 마음대로 다 마음대로 해 어때 하고 싶은 대로 해 좋은 날에 하고 싶은 대로 우린 아직도 꿈을 꾸고 가슴이 뜨겁게 뛰는 걸 다 마음 가는 대로 해 어때 모든 마음대로 하고 싶은 대로 해 미치고 싶고 숨쉬고 싶고 아직도 난 꿈꾸고 싶어 아직도 난 아직도 찬란히 빛나고 있어 다 마음 가는 대로 해 어때 모든 마음대로 하고 싶은 대로 해 미치고 싶고 숨쉬고 싶고 아직도 난 꿈꾸고 싶어 아직도 난 아직도 찬란히 빛나고 있어 아이 들어봐 너가 하고 싶은 거 해봐 너의 인생 꿈꾼이 죽지 않아 너의 심장박동을 느껴 너가 하고 싶은 거 해 너가 하고 싶은 거 해 너가 하고 싶은 거 해 너가 하고 싶은 거 해 너가 하고 싶은 거 해 꿈이 이루어지게 해줘 우리는 더 강해질 필요가 있어 Oh Baby 내 말은 너의 심장박동을 느껴 Oh 우리 아기 하고 싶은 거 해 너무 늦지 않아 절대 늦지 않아 네가 하고 싶은 거 해 괜찮아 모든 게 괜찮아 통제할 거야 오른쪽 왼쪽 뒤로 네가 가고 싶은 곳 어디든 네가 하고 싶은 것을 할 수 있을 때까지 네가 해야 할 일을 해 겁내지 마 우리는 더 강해질 필요가 있어 오 베이비 너는 너의 인생의 스타야 두우모자 너 하고 싶은 거야 내 말은 너의 심장박동을 느껴 오 내 아기 너가 하고 싶은 거 해 네가 하고 싶은 거 해 네가 하고 싶은 거 해 네가 하고 싶은 거 해 네가 하고 싶은 거 해 네가 하고 싶은 거 해 네가 하고 싶은 거 해 네가 하고 싶은 거 해 네가 하고 싶은 거 해 네가 하고 싶은 거 해 네가 하고 싶은 거 해 네가 하고 싶은 거 해 네가 하고 싶은 거 해
2,혼자여서 외로울 때 너무 깊이 생각하지는 마 보이지 않는 상처에 많이 괴롭더라도 괜찮아 조금씩 나을 테니까 아프지 말고 아프지 말자 네 마음이 더 다치지 않게 아프지 말고 오래 아프지 말자 지금 그대로 넌 잘하고 있어 힘이 들어 돌아가기엔 이미 너무 먼 길을 와버린 걸 알 수가 없는 내일이 불안해도 괜찮아 분명 나아갈 테니까 가끔씩 서러울 땐 말야 쏟아지는 눈물을 참지 마 아무도 널 탓하지 않으니까 아프지 말고 아프지 말자 몸도 맘도 약해지지 않게 아프지 말고 오래 아프지 말자 지금 그대로 참 잘하고 있어 좀처럼 내 맘 같지 않아 때론 실망스러워져 이게 아닌데 난 무너지고 싶을 때에 쓰린 가슴을 다시 펴고 패인 상처 나을 때까지 몇 번이라도 내가 안아줄게 아프지 말고 아프지 말자 니 마음이 너무 다치지 않게 누구보다도 소중한 너이니까 지금처럼 넌 잘하고 있어 
2,내게 펼쳐지는 공기마저 산뜻해 아주 먼 곳에 떠나지 않아도 우린 벌써 저 멀리 놓쳐버린 걸어온 길 위의 문득 생각나기는 해도 뭐 딱히 아쉽진 않아 햇살이 딱 좋은 오후 두 발끝이 이끄는 대로 오늘은 어디로 갈까 지난 일은 후회하지 않아 행복에 한 걸음 가까운 지금 여기서부터 내게 펼쳐지는 공기마저 산뜻해 눈앞에 보인 모든 게 미소 짓기 충분해 날개 달린 듯한 맘 따라 걷는 이 순간 아주 먼 곳에 떠나지 않아도 우린 벌써 복잡한 머릿속 괜찮아 바람 잘 날이 없어 그러게 다 추억이라고 아 맞지 사는 게 그렇잖아 힘내요 형 오케이 야 됐고 우리 바람이나 쐬러 가 미간에 주름 보톡스 돼 더 좋은 데로 가 배로 되게 더 매료되겠어 이 곳이 더는 시간 낭비하지 않아 내일의 날 위해 바꾸는 지금 여기서부터 내게 펼쳐지는 공기마저도 산뜻해 눈앞에 보인 모든 게 미소 짓기 충분해 날개 달린 듯한 맘 따라 걷는 이 순간 아주 먼 곳에 떠나지 않아도 우린 벌써 우린 벌써 내 힘으로 난 만들어 가 답을 알 수 없는 하루하루 매 순간을 원하는 걸로 아득히 멀리서 빛나는 찬란한 난 그보다 지금 이곳이 좋아 어제의 내가 이끈 낯선 길 위 앞만 보고 나아가 지금 여기 머문 채 행복하기를 선택해 지금의 내겐 모든 게 한층 가벼운 두 발 더는 헤매지 않아 아주 익숙한 거리를 거닐며 눈부셔 눈부셔 눈부셔 우린 벌써 Way Oh 더 좋은 곳에서 모든 것이 너무 아늑한 나의 하루 오 나의 하루 오 나의 하루 오 나의 하루 오 아름다운 지금 나는 신에게 맹세한다 우리는 그 어느 때보다 더 좋을 수 있다 시너지 더 좋은 곳 마인드 나의 마음가짐 우리는 지금 더 나은 곳에서 우리는 우리는 우리는 우리는 우리는 더 나은 곳에 있다 우리는 우리는 우리는 더 나은 곳에 있다 우리는 우리는 우리는 더 나은 곳에 있다 우리는 더 나은 곳에 있다 우리는 너무 멀지 않은 더 나은 곳에 있다 우리는 더 나은 곳에 있다 우리는 우리는 우리는 우리는 우리는 우리는 우리는 우리는 우리는 우리는 더 나은 곳에 있다 우리는 우리는 더 나은 곳에 있다 우리는 우리는 우리는 우리이다 우리가 더 나은 곳에 있나요
2,널 이렇게 보내줄 수밖에 없었어 나 후회할지도 모른 체 끝없이 다가오는 너와의 기억을 난 잊으려고 차마 눈을 감았어 널 위해 한 번도 눈물 보인 적이 없었어 내 눈물이 네게는 아픔인 걸 알고 있기에 하지만 이젠 네가 있는 어디에서도 너를 느낄 수 없어 난 슬퍼져 혼자라는 생각 때문에 힘들 때면 네 뒤를 돌아봐 나는 언제나 여기서 있을게 혼자 가는 길이 힘들어 쉬고 싶을 땐 나를 한번 생각해봐줘 서로를 위해 우린 잠시 멀리 떨어져 있는 거라 말해도 잊을 수가 없을 테니까 지금 떨리는 내 마음을 너는 잘 알고 있을 거야 그래서 난 슬퍼져 혼자라는 생각 때문에 힘들 때면 네 뒤를 돌아봐 나는 언제나 여기서 있을게 혼자 가는 길이 힘들어 쉬고 싶을 땐 나를 한번 생각해봐 언제까지 너와 함께 있으니 그리운 추억에 힘들 때면 네 뒤를 돌아봐 나는 언제나 여기서 있을게 혼자 가는 길이 힘들어 쉬고 싶을 땐 나를 한번 생각해봐줘 
2,지난밤 내내 꿈속에 펼쳐둔 걱정거리도 이제는 털어내도 돼 그래도 돼 하루는 다시 시작 돼 일기장에 적힌 빼곡한 말들 안에 살짝 적어봤던 꿈 하나 모두 기억 할 거야 어둔밤 잠이 들지 못한 별 하나 이제는 알아 밤새 다독이던 너의 작은 바람 이제는 알아 자꾸 숨고만 싶었던 어린날의 작은 꿈을 아직은 못다피운 작게도 웅크려왔던 내 모든 상상들을 이제 피워낼 거야 이제 시작할 거야 지나간 일들은 잊어 이제는 나아질거야 지금의 길위에서 헤매더라도 다시 일어서면 돼 또다시 올지 모를 날선 시선들 지워지지 않은 깊은 흔적들 아픈 상처까지도 이 순간 모두 감싸쥐고 있잖아 이제는 알아 밤새 삼켜내던 너의 어둠까지 이제는 알아 숨죽여 고요한 마음에 일렁이던 그 진심을 지금껏 헤매었던 맑고도 깊게 지나온 그 모든 시간들을 이제는 알아 밤새 다독이던 너의 작은 바람 이제는 알아 자꾸 숨었던 숨기던 지난날의 모든 꿈들 많이도 헤메었던 작게도 웅크려왔던 그 시간 틈사이로 이제 피워 낼 거야 이제 피어날 거야 
2,어쩌면 우리 서로 만난 건 운명일지 몰라서 우연처럼 필연처럼 우리들은 운명이라 믿었어 더는 외롭지 않을 거야 언제든 기댈 수 있어서 이젠 힘들고 지쳐 위로받고 싶어 슬프고 아파 이해되길 바라 세상의 모든 사랑하는 그대 당신의 편이 돼 줄게 더는 외롭지 않을 거야 언제든 기댈 수 있어서 이젠 힘들고 지쳐 위로받고 싶어 슬프고 아파 이해되길 바라 세상의 모든 사랑하는 그대 당신의 편이 돼 줄게 이 세상이란 환한 빛처럼 밝게 비춰 줄게요 힘들고 지쳐 위로받고 싶어 슬프고 아파 이해되길 바라 세상의 모든 사랑하는 그대 당신의 편이 돼 줄게 당신의 편이 돼 줄게 
2, 바람결 가득 깊게 내어 쉬는 숨 밝은 햇살 아래 나만 아는 이끌어 줘 가벼운 이 기분 걸음걸음에 스치는 모든 게 속삭이는 걸 그 언제나 상상했던 숲으로 날 데려가 두 발이 홀린 듯 푸른 들판을 내디뎌봐 숨 쉴 틈 없이 지친 마음을 가두던 어느새 이미 좀 더 멀리 떠내려가 날개 달린 두 팔을 벌려 더 높은 곳에 눈부신 빛으로 날 데려가 달콤히 어쩜 난 왠지 더 멈추고 싶지 않아 달려볼까 좀 더 거침없이 자유로운 내 오래된 아래로 펼쳐 푸르게 번져 멈추고 싶지 않아 지루한 여정 따윈 넣어두고 어디로든 곧 떠나 한동안 닫아뒀던 기억의 더 활짝 열어 빠져들어 다시 시작되는 꿈 그 안에 난 늘 간절했던 찾으러 가 그 언제나 싱그럽던 숲으로 날 데려가 벅차오른 숨소리는 수많은 질문의 답 포근한 느낌 더는 바랄 게 없도록 행복해 가득히 열린 아름답던 이곳에 난 고요하게 어둠 속에 잠겨가는 순간 빛난 저 별과 두 눈이 마주친 그 순간 내 안에 잊혀진 감각들을 하나둘 깨워 더 깊어갈 밤을 비춰오는 리듬이 들려오는 걸 날개 달린 쉼 없이 달려 날 부른 곳에 찬란한 빛으로 날아올라 끝까지 완전히 알아도 멈추고 싶지 않아 상관없어 뭐든 내 안에서 이어지는 꿈 내 오래된 하늘에 펼쳐 주문을 걸어 멈추고 싶지 않아Ehoh yeah 거리 나의 길 나의 길 나를 여기서 데려가줘 황금 케이지 운동화 나를 탈출시켜줘 크레이지 더 이상 스니커즈 영원히 영 런 런 런 런 런 런 런 런 굿 도어 줌 행복 나를 여기서 데려가줘 날 여기로 데려가줘 더 이상 날 믿어줘 영원히 영 런 런 런 런 런 런 런 런 런 런 런 런 런 런 런 런
2,꽤나 고단한 하루죠 걱정은 조금씩 커져만가고 기분이 참 이상해 뭐가 잘못된걸까 그렇게 하루의 끝에 아쉬움을 달래면 모두 잘 될거라고 슬퍼하지 말라며 또 혼자 위로하며 잠들죠 누구나 맘에 지쳐 기대고 싶고 잘 해낼 거라고 맘을 잡아보고 쉽지는 않아도 그래도 괜찮아 빛나는 너이니까 누구나 하는 실수에 맘이 아프고 잘 해낼 수 있을까 걱정도 해보고 쉽지 않을거야 너도 할 수 있어 빛나는 너 이니까 말이야 부족한 게 많은가봐요 모든게 어색해요 걱정처럼 맘이 조심스러워서 괜스레 눈치를 보죠 고민 할때도 생기겠죠 아마 뒤척이며 밤을 새도 결국 혼자 맘을 먹고 익숙해져가면 또 괜찮아지겠죠 누구나 맘에 지쳐 기대고 싶고 잘 해낼 거라고 맘을 잡아보고 쉽지는 않아도 그래도 괜찮아 빛나는 너이니까 누구나 하는 실수에 맘이 아프고 잘 해낼 수 있을까 걱정도 해보고 쉽지 않을거야 너도 할 수 있어 빛나는 너이니까 말이야 
2, 잘 지내니 거긴 어때 듣고 있니 교복을 입고 있던 교실 어딘가에 나 말야 별로 못 지내니 하루 빨리 오고 싶니 좀 더 자유로워질 거라 생각하는 여기로 말이야 그래 지금 이 곳도 썩 괜찮은 듯해 네가 꿈꾸던 날과 얼마나 닿아 있는지 모르지만 듣고 있다면 기억해줄래 그 곳의 네가 지금 내가 되기까지 사실 참 힘들었거든 네가 있는 그 곳이 지금 내겐 꿈같은 곳이야 지구 반대편도 갈 수 있는데 말이야 네가 있는 그 곳은 어떻게 해도 갈 수가 없어 친구라 부를 수 있는 사람들이 많았던 썩 외롭지 않았던 그 곳의 나에게 편지를 써 그래 지금 이 곳도 썩 괜찮은 듯해 네가 꿈꾸던 날과 얼마나 닮아 있는지 모르지만 듣고 있다면 기억해줄래 그 곳의 네가 지금 내가 되기까지 사실 참 힘들었거든 네가 있는 그 곳이 꿈같은 곳이야 오늘이 쌓여서 그 곳의 네가 내가 돼 좀 더 많이 웃고 울고 넘어지는 걸 두려워하지 마 하늘은 언제나 어두웠다가도 이내 햇살을 드러내며 반드시 맑아져 안녕 그리고 너
2, 하루의 끝을 드리운 지친 하루의 한숨뿐 사람들은 다 행복한가 봐 거울에 비친 눈물의 의미는 웃음에 감춰진 나의 색깔 어디서부터 잘못됐는지 잘 모르겠어 나 어려서부터 머릿속엔 파란색 물음표 어쩜 그래서 치열하게 살았는지 모르지 뒤를 돌아보니 여기 우두커니 서니 나를 집어삼켜버리는 저 서슬 퍼런 그림자 여전히도 파란색 물음표는 과연 불안인지 우울인지 어쩜 정말 후회의 동물인지 아니면은 외로움이 낳은 나일지 여전히 모르겠어 서슬 퍼런 블루 잠식되지 않길 바래 찾을 거야 출구 차가운 날 녹여줘 수없이 내민 나의 손 색깔 없는 메아리 이것도 큰 욕심일까 추운 겨울 거리를 걸을 때 느낀 빨라진 심장의 호흡 소릴 지금도 느끼곤 해 괜찮다고 하지 마 괜찮지 않으니까 제발 혼자 두지 말아 줘 너무 아파 늘 걷는 길과 늘 받는 빛 오늘은 왠지 낯선 무뎌진 걸까 무너진 걸까 근데 무겁긴 하다 이 쇳덩인 다가오는 회색 코뿔소 초점 없이 난 덩그러니 서있어 나답지 않아 이 순간 그냥 무섭지가 않아 난 확신이란 신 따위 안 믿어 색채 같은 말은 간지러워 넓은 회색지대가 편해 여기 수억 가지 표정의 비가 오면 내 세상 이 도시 위로 춤춘다 맑은 날엔 안개를 젖은 날엔 함께 늘 여기 모든 먼지들 위해 축배를 내 손의 온길 느껴줘 따뜻하지가 않아서 네가 더욱 필요해 먼 훗날 내가 웃게 되면 말할게 그랬었다고 허공에 떠도는 말을 몰래 주워 담고 나니 이제 새벽잠이 드네 나의 천사는 어디에 있나요 누가 와서 나를 구해주세요 나를 봐줄 수 있나요 왜냐하면 나는 블루 그레이 블루 그레이 하지만 나는 더 행복해지고 싶어요 Oh 이 땅은 너무 무겁게 느껴져요 나는 혼자 노래하고 있어요 그냥 더 행복해지고 싶어요 씬 그레이 나는 그냥 더 행복해지고 싶어요 Oh 이 땅은 너무 무겁게 느껴져요 나 혼자 노래하고 있어요 굿나잇
2, 가족들에게 괜찮다 말해 죽을 것 같은데 내가 누군지 기억이 안 나 어린애였는데 텅 빈 방 안 소년은 외로워 멀리 도망가고 싶어 이 구렁텅이에서 날 꺼내 줘 누가 안아줬음 싶어 내가 나일 수 있게 도와줘 웃고 있는 내 가면 벗겨줘 난 행복하지 않아 난 행복하지 않아 억지 미소 짓지만 난 행복하지 않아 난 살고 싶지 않아 난 살고 싶지 않아 죽고 싶진 않지만 난 살고 싶지 않아 숨만 쉬는 기분 하루 끝에 잠이 들 때쯤에야 놓지 한시름 별일 없냐는 질문 별일 없다고 대답 아무 일도 없는데 왜 울적할까 그건 의문 오늘도 감정노동 해 내 맘대로 되는 일이 하나 없네 속이 텅 빈 껍데기 작은 불씨에도 타들어 가는 나는 쉽게 부서지는 재 같아 텅 빈 방 안 소년은 외로워 멀리 도망가고 싶어 이 구렁텅이에서 날 꺼내 줘 누가 안아줬음 싶어 내가 나일 수 있게 도와줘 웃고 있는 내 가면 벗겨줘 난 행복하지 않아 난 행복하지 않아 억지 미소 짓지만 난 행복하지 않아 난 살고 싶지 않아 난 살고 싶지 않아 죽고 싶진 않지만 난 살고 싶지 않아나는 거짓말쟁이야 누군가 나를 불태워줘 누군가 나를 도와줘 누군가 나를 도와줘 너는 누군가 나를 도와준다고 느낀 적이 있니
2,오랜 밤이 지나고 다시 내일이 찾아오면 나의 꿈은 가까워질까 내 시계처럼 난 멈춰있을까 내 젊은 날의 늘 바래 왔던 나의 꿈들도 언젠간 피지 못한 꽃들도 언젠가는 피어오르고 구름 속에 갇힌 별들도 걷힌 하늘엔 환히 빛날 텐데 내 젊은 날의 늘 바래 왔던 나의 꿈들도 언젠간 나의 밤은 외로워 또 내일은 더 두려워 아직은 힘이 들지만 이겨낼게 내 젊은 날의 긴 시간에 멈춰 있어도 언젠간 아직 삶은 아름답잖아 내 꿈 속에 닿을 때까지 언젠가하늘의 빛 날라 하늘의 빛 날라 하늘의 빛 날라 하늘의 빛 날라 하늘의 빛 날라 너를 아름답게 아름다운 인생으로 만들어 주는 것
2,청춘 아프면 병원을 가야지 나이를 먹으면 고치기 힘들어 세상이 좀처럼 쉽지가 않아 비싼 옷 입고 또 좋은 차 타고 넓은 집 있으면 결혼하긴 쉽지 쉽지 않다는 게 늘 함정이야 매일 아침 눈떠 믿기 싫은 스물넷에 내가 너무 애 같아 대 인데 내가 너무 때가 타 겁 없이도 뛰어들 나인데 난 스물넷 난 스물넷 겁도 많고 겁도 많어 난 숨을래 겁 없이도 뛰어들 나인데 학교를 휴학했어 내가 하고 싶은 게 아냐 성공을 위해 대학 나온 게 다가 아냐 이건 지극히 주관적 입장 침을 튀기며 욕해봐 난 굳건하니까 스물넷 알바 시간 늘렸지 쾌적한 환경을 원했지 설거지 따위 하기 싫었어 내가 왜 하며 펜을 잡아 온몸이 젖은 채로 적어냈지 글자 어색했어 을 하지 않는 순간이 사장은 물어 대체 어디 갔니 고추장이 내 멋대로 할 수 조차 없는 곳에서 받아 집에 타고 갈 비행기 값을 위해 참아 내가 할 수 있는 일 하고 싶은 일 해야만 하는 일은 지금 내가 하는 일 스물넷의 난 빠져있었지 알바 그리고 매일 아침 눈떠 믿기 싫은 스물넷에 내가 너무 애 같아 대 인데 내가 너무 때가 타 겁 없이도 뛰어들 나인데 난 스물넷 난 스물넷 겁도 많고 겁도 많어 난 숨을래 겁 없이도 뛰어들 나인데내가 쉬운 이유 내가 왜 쉽게 어지러운 거짓말 인생이 아름다운지 내가 드디어 만든 거짓말 인생이 아름다운지 Yeah Yeah Yeah Yeah Yeah Yeah Yeah Yeah Yeah Yeah
2,돌아보지 마 끝없이 깊어질 거야 여길 벗어나 이대로 그냥 날 믿어줘 가보자 상처받지 마 끝없이 널 가둘 거야 내 손을 잡아 내겐 너만의 불꽃이 보이니까 꽃처럼 피어나 불처럼 타올라 넌 그 누구보다 더 끝없이 더 높이 한없이 더 깊이 보게 될 거야 넌 한계 없이 타오를 거야 불꽃처럼 잡게 될 거야 너의 손안에 두 팔을 펼쳐서 날아올라가 더 높은 곳에서 우리 피어나자 마음에 두지 마 우리는 나아질 거야 상처는 남아 결국엔 너를 강해지게 하잖아 지나갈 거야 쉬어도 되지만 우리 멈추지 말자 내겐 너만의 불꽃이 보이니까 꽃처럼 피어나 불처럼 타올라 넌 그 누구보다 더 끝없이 더 높이 한없이 더 깊이 보게 될 거야 넌 한계 없이 타오를 거야 잡게 될 거야 너만의 것 너만의 꽃으로 피어나 타오를 거야 불꽃처럼 잡게 될 거야 너의 손안에 두 팔을 펼쳐서 날아올라가 더 높은 곳에서 우리 피어나자 타올라 날아가 너만의 것 너만의 꽃으로 피어나 
2, 이미 발을 들인 이 길 위에 어둠 밖에 없어 보여 언젠가는 날 기다리고 있을 그 무언갈 찾아서 어디엔가 꼭 기다려온 그 끝에서 두 손을 내밀게 내가 바라던 그 이야기를 찾아가려 해 내가 바랬던 그 이유들을 향해 걸어가 내가 바라던 그 이야기를 찾아가려 해 내가 바랬던 그 이유들을 향해 걸어가 내가 바라던 그 이야기를 찾아가려 해 내가 바랬던 그 이유들을 향해 걸어가길을 걷는다 바람이 없다 빛이 없다 나는 끝까지 멈추지 않을 것이다 나는 여기서 멈추지 않을 것이다 나는 끝까지 멈추지 않을 것이다 나는 여기서 멈추지 않을 것이다 나는 끝까지 멈추지 않을 것이다 나는 여기서 멈추지 않을 것이다 나는 결코 멈추지 않을 것이다 나는 여기에서 기다릴 것이다 나는 끝까지 멈추지 않을 것이다
2,아침 시 졸린 눈을 부비며 내가 밥인지 밥이 나인지 알 수가 없어 피곤해 아직 시 벌써 지치면 안돼 쌓인 집안 일 나만 보는 너 무엇부터 할까 조금만 힘을 내요 기운 내요 오늘 하루 정말 수고했어 잠들 때면 천사 같은 너의 모습 위로가 되어 지친 하루 끝에 지어지는 미소 그게 행복이죠 예쁜 옷 산게 그게 언제였더라 펑퍼짐한 티 고무줄 바지 이게 제일 편해졌어 커피 한잔의 여유를 찾고 싶어 날씨 좋은 날 혼자 나가서 거릴 걷고 싶어 조금만 힘을 내요 기운 내요 오늘 하루 정말 수고했어 잠들 때면 천사 같은 너의 모습 위로가 되어 지친 하루 끝에 지어지는 미소 그게 행복이죠 왜 아빠는 잠들 때 들어올까 처음부터 다시 시작 왜 아기는 눕히면 일어날까 무겁기만 한 내 몸은 나아지질 않아 편히 자본 게 얼마나 되었을까 그래도 나는 너를 볼 때면 너무너무 좋아 조금만 힘을 내요 기운 내요 오늘 하루 정말 수고했어 잠들 때면 천사 같은 너의 모습 위로가 되어 지친 하루 끝에 지어지는 미소 그게 행복이죠 행복이죠 애바보가 됐나 봐 
2, 굽이 굽어진 맘 맘의 근심이 빌딩의 능선을 따라 한없이 행군하는 밤 길을 잃은 발걸음은 마치 살얼음 위를 걷고 있는 듯이 점점 굳어져 가 길게 늘어진 가로등 그림자가 내 키보다 커질 때쯤 길을 걷다가 나는 생각했어 그늘 속에 내 그림자를 숨기며 사는 것이 나을 수도 있겠어 타고난 운명에 저항한다는 건 너무 모질어서 뒤주에 갇힌 사도처럼 노래할 수 있었어 물고 태어난 수저도 인맥도 돈도 없지만 나는 나를 믿었어 꿈과 희망 자수성가 음반 수익은 얼마 이따위 것들이 하나로 뒤엉켜서 나를 물들였지만 그땐 정말 몰랐어 즐기면서 하는 성공은 없어 시간이 모자라 사랑을 할 땐 이별 할 땐 눈물이 모자랐는데 사랑할 때 못 본 걸 이별하면서 보게 되는 게 다 우리 인생인데 어릴 땐 하늘의 별도 셌는데 어른이 돼서는 그저 돈만 세게 돼 표백제로 내 맘의 찌든 때를 다 세탁하면 근심도 지워질까 옷 가게에 걸린 스웨터 가격표를 재차 확인하던 어머니의 망설임이 보여 개월 할부로도 사지 못해 집으로 돌아와서 밤새 뜨개질로 짜주셨던 그녀가 그러했듯이 나 또한 그러겠지 인생이 그러하듯이 나 또한 느끼겠지 목숨 같던 꿈을 지키려 목숨을 걸었지만 이젠 그 꿈을 버려야만 다시 꿀 수 있어 나는 과거를 돌아보며 우리 모두가 역사를 만들고 싶어하는 것을 보기 시작했다. 하지만 이번에는 내가 알지 못했던 것들이 내 꿈에 대한 답을 찾았다. 나는 과거를 돌아보며 나를 기다리고 있었다. 하지만 이번에는 우리 모두가 역사를 만들고 싶어하는 것을 보기 시작했다. 하지만 이번에는 나는 우리가 내 꿈에 대한 답을 결코 찾지 못했다 걱정할 필요 없어 베이비 우리 마음이 열린 시간에 맞춰 나는 우리 모두가 역사를 만들고 싶어하는 것을 보기 시작했다. 하지만 이번에 나는 내 꿈에 대한 답을 찾기 시작했다. 베이비 걱정할 필요가 없는 것들은 우리가 우리에게 준 달콤한 모든 것들을 반영하는 것이다 우리가 살았던 방식은 지금의 삶을 더 달콤하게 만들 뿐이다
2, 내 보통뿐인 나날에 난 너에게 늘 감사해 저물어 가는 해는 약속을 하지 않아요 오늘이 지나가도 날 잊지 않길 바라요 내 보통뿐인 나날에 난 이미 너를 자랑해 저물어 가는 해는 약속을 하지 않아요 오늘이 지나가도 내 손을 놓지 말아요 내 보통뿐인 나날에 난 이미 너를 사랑해 저물어 가는 해는 약속을 하지 않아요 오늘이 지나가도 그대 나와 함께 가요 그대는 나의 그대는 나의 기적이죠 기적이죠 영원을 닮은 기다림 끝에 나를 찾아온 그대 일어나지 않을 것만 같았던 기적 보통날이 아름다운 건 그대란 기적 때문이죠 내 하루를 밝혀주는 건 그대란 이름의 빛이죠 난 이미 그대를 자랑해 난 이미 그대를 사랑해 그댄 내 보통날의 기적이죠나는 기적을 기다리고 있어 오 너는 나의 기적이 되어줄래 너는 나의 기적이 되어줄래 너는 나의 기적이 되어줘 너는 나의 기적이 되어줄래 너는 항상 나의 기적이 되어줘 너는 항상 나의 기적이 되어줄거야 너는 나의 기적이 되어줄거야 너는 항상 나의 기적이 되어줄거야
2,내 걸음이 좀 느려도 하늘은 내게 웃어줘 숨 죽인 눈 얼어 붙은 맘 너 마저 알진 못해도 흩어지던 나의 노래 다시 나를 일으켜 저 하늘 위를 상상해봐 더 높이 날아가는 나의 꿈들을 너를 믿어 너의 꿈을 지금 보다 소중한 너 너의 꿈을 향해 발을 멈추지마 계속 길을 달려 숨을 멈추지마 너 하나 뿐야 이 꿈 이대로 외로움에 지친 하루 가질 수 없는 바람 뿐 넘어지고 또 무너져 일어설 힘도 없을 때 고갤 들어 우릴 믿어 너의 곁에 있을게 저 하늘 위를 상상해 봐 더 높이 날아가는 너의 꿈들을 너를 믿어 너의 꿈을 지금 보다 소중 한 너 너의 꿈을 향해 발을 멈추지마 계속 길을 달려 숨을 멈추지마 너 하나 뿐야 이 꿈 이대로 네 꿈 속에 같은 바람 우린 믿어 너와 나 하나되어 꿈을 이뤄 이젠 하늘 위로 너를 믿어 너의 꿈들을 지금 보다 소중 한 너를 너의 꿈을 향해 발을 멈추지마 계속 길을 달려 숨을 멈추지마 너 하나 뿐야 이 꿈 이대로 너는 꿈으로 날아갈 거야 너는 꿈으로 날아갈 거야 너는 꿈으로 날아갈 거야 너는 꿈으로 날아갈 거야 너는 너의 꿈으로 날아갈 거야 너는 너의 꿈으로 날아갈 거야 너는 너의 꿈으로 날아갈 거야 너는 다시 겁내지 마
2, 어두워 보이지 않아 존재하긴 하는건지 가도 가도 끝이 없어 한참을 걸어도 결국엔 제자리 걸음 뿐 기나긴 터널 속을 헤매이다 희미하게 보이는 그 빛을 따라가 좀 느리면 어때 네 맘이 뛰고 있는데 그거면 충분한 건데 조급해 하지마 기다리는 것도 없는데 천천히 가면 돼 아무 것도 아닌 걸 잘하고 있잖아 그대로 걸어가면 돼 이토록 오래 헤매이게 될 줄 이대로 끝이 되어버릴까 두려워 기나긴 터널의 끝에 희미하게 보이는 그 빛에 이끌려 좀 느리면 어때 네 맘이 뛰고 있는데 그거면 충분한 건데 조급해 하지마 기다리는 것도 없는데 천천히 가면 돼 아무 것도 아닌 걸 어둠이 지나면 눈부신 밝은 태양이 너를 반겨 맞이할거야 새로운 미래로 저기 저 빛을 향해 너는 그대로만 걸어가면 돼 지금 이 순간 내뱉는 숨들이 그 언젠가 누군가에게는 따뜻한 위로가 될 수 있도록 터널의 끝에서 정해진 건 없어 그저 가슴이 뛰는 대로 해 넌 그 자체로도 빛나 그 빛에 물들어 네 맘이 가는 대로 하면 돼빛은 어디에 희망은 어디에 있나요 끝은 어디에 있나요 당신은 계속 밤을 지나요 당신은 계속 밤을 지나요 당신은 내 친구 당신은 계속 밤을 지나요 빛을 향해 계속 걸어요 우리는 더 높이 가고 있었습니다 별처럼 빛나는 하늘로 날아갑니다
2,어쩌면 우린 높은 절벽 위야 잔 바람에도 휘청거릴 거야 널 가둔 높은 벽을 넘어서 위험이 널 덮치더라도 전진해가 거센 바람에 겁이나 겁이나 겁이나 너를 믿어 자신을 믿어 어쩌면 우린 더 이상 후퇴하지 못할 거야 너를 믿어 자신을 믿어 모든 걸 내질러버려 한계를 부숴버려 속 안에 있는 두려웠던 것들 다 어쩌면 우린 높은 절벽 위야 정말 한순간 위험해질 수도 있어 모든 순간이 널 외롭게 할지라도 그럼에도 두려워하지 마 강해져야 해 거센 바람에 겁이나 겁이나 겁이나 너를 믿어 자신을 믿어 어쩌면 우린 더 이상 후퇴하지 못할 거야 너를 믿어 자신을 믿어 모든 걸 내질러버려 한계를 부숴버려 속 안에 있는 두려웠던 것들 다 위험해 떨어질지도 몰라 손을 잡아 그럼에도 두 팔 벌리고서 펼쳐진 세상을 봐 거센 바람에 겁이나 겁이나 겁이나 너를 믿어 자신을 믿어 어쩌면 우린 더 이상 후퇴하지 못할 거야 너를 믿어 자신을 믿어 거센 바람에 겁이나 겁이나 겁이나 너를 믿어 자신을 믿어 어쩌면 우린 더 이상 후퇴하지 못할 거야 너를 믿어 자신을 믿어 오 오 오 오 오 오 오 오 오 오 오 오 오 오 오 예 예 예 예 예 예 예 예 예 예 예 예 예 예 예 예 예 예 예 예 예 예 예 예 예 예 예 예 예 예 예 예 예
2,너무 일찍 커버린 우리는 쉽게 금이 가는 마음을 가졌죠 희생 같은 치사한 단어를 당연하단 듯이 안고 살아가죠 무얼 위한 나인 건지 알지도 못하고 부디 행복하자며 쓴웃음처럼 말해요 깊은 밤을 오늘도 어김없이 맞이하는 그대 마음에 이불 덮어줄게요 깊은 밤에 울음을 삼켜내는 상처 많은 그대 삶을 모른 척해줄게요 아무도 모르는 내 아픔은 아무것도 아닌 게 돼 다들 그렇게 사나 봐 가슴에 멍한 두 개쯤은 아무렇지 않단 표정 지은 채 어디서부터가 어른이고 그다음은 무엇인지 쓸만하고 따뜻한 위로를 모아놓아도 추워진 집 그래 다 지나면 그지 같은 순간들도 추억이면 추억이지 모를 일이겠지 오늘 내가 뱉은 말이 내일은 유언일지 무얼 위한 나인 건지 알지도 못하고 부디 행복하자며 쓴웃음처럼 말해요 깊은 밤을 오늘도 어김없이 맞이하는 그대 마음에 이불 덮어줄게요 깊은 밤에 울음을 삼켜내는 상처 많은 그대 삶을 모른 척해줄게요 한 번도 안아본 적 없는 나를 꼭 끌어안고서 오늘 밤만은 안심해도 된다며 스스로에게 위로를 건네요 깊은 밤을 오늘도 어김없이 맞이하는 그대 마음에 이불 덮어줄게요 깊은 밤에 울음을 삼켜내는 상처 많은 그대 삶을 모른 척해줄게요 그러니 울어도 돼요오오오오오오오오오오옴
2,이불 밖은 위험해 오늘도 컴퓨터를 켜지 벨이 울려서 반가워 열면 택배 아저씨지 피곤이 가시질 않아 바닥과 하나가 되자 핸드폰 사진 속 그들이 사는 세상 속 나 빼고 즐거워 보여 내 아침은 항상 해지는 오후 남보다 한 걸음씩 늦어왔지만 내일은 더 밝아질 거야 긴 꿈일 뿐이야 난 꿈꾸는 잉여 덮밥을 시켜먹을까 버거로 시작해볼까 메뉴를 고를 땐 그 어느 때보다 진지해 삼십 분 걸린대 내 아침은 항상 해지는 오후 남보다 한 걸음씩 늦어왔지만 내일은 더 밝아질 거야 긴 꿈일 뿐이야 난 꿈쟁이 선풍기 바람이 좀 센 거 같아 미풍으로 맞추고 눈을 감는데 이젠 뭔가 조금 더운 것 같아 창문을 열어 오 센치만 더 이불을 감고 아 잠이 든다 내 아침은 항상 해지는 오후 남보다 한 걸음씩 늦어왔지만 내일은 더 밝아질 거야 긴 꿈일 뿐이야 난 꿈꾸는 잉여 아무 걱정도 없는 건 아냐 머리 아플 땐 이렇게 쉬고 싶어 오늘은 다 내려 놓고서 긴 꿈을 꾸자 난 꿈꾸는 잉여 
2,아침이 밝아오는 것이 내게는 어떤 의미 일까 걸어가다 보면 길을 잃을 때도 있는 것 그때가 어둠일까 이제 그만 다 잊어버려요 아쉬움들도 품지말아요 그대 한숨이 깊고 깊어도 나는 함께 하겠네 시련을 피해 사는 것이 나에게 무슨 의미인가 때론 눈물이 내겐 거름이 돼 주는 걸 무엇이 기쁨일까 이제 그만 다 잊어버려요 아쉬움들도 품지 말아요 우리 여정이 길고 길어도 나는 걸어 가겠네 그 어떤 험한 길도 나 그대와 함께라는 걸 이제 그만 다 잊어버려요 아쉬움들도 품지 말아요 그대 한숨이 깊고 깊어도 나는 함께하겠네 이제 그만 다 잊어버려요 아쉬움들도 품지 말아요 우리 여정이 길고 길어도 난 걸어가겠네 그대와 함께 가겠네 
2,지친 하루가 지나고 어둠이 내린 길 위에 달빛에 몸을 기대어 쓸쓸히 홀로 걷는 길 너무 지쳤다고 말해도 될까 자그마한 위로가 필요한 밤 귓가에 들리는 아름다운 말 혼자가 아니야 곁에 있을게 천천히 가도 돼 느린 게 아냐 지쳐 쓰러지면 일으켜줄게 어제와 같은 하루가 무겁게 나를 누를 때 너무 힘들다고 말해도 될까 자그마한 위로가 필요한 밤 귓가에 들리는 아름다운 말 혼자가 아니야 곁에 있을게 천천히 가도 돼 느린 게 아냐 지쳐 쓰러지면 일으켜줄게 얼어버린 바다 위에 철없는 항해 아닐까 그게 아니라고 얘기해줘요 잘하고 있다고 위로해줘요 귓가에 울리는 아름다운 말 혼자가 아니야 곁에 있을게 천천히 가도 돼 느린 게 아냐 지쳐 쓰러지면 일으켜줄게 달빛에 몸을 기대어 쓸쓸히 홀로 걷는 길 
2,누군가에겐 너무도 쉬웠던 일이 늘 내겐 어려웠어 머물고 있어도 그곳에 없었고 세상은 신기루 같았어 외롭고 외로워라 날 둘러싼 모든 게 점점 더 날 혼자이게 해 괴롭고 괴로워라 내 앞에 놓인 현실은 영화보다 더 영화 같아 이 순간을 잡고 놓지 않겠어 너와 나 우린 달랐을 뿐 잘못되진 않았어 소리쳐봐도 메아리가 없는 세상은 무향실 같았어 지치고 힘들어라 내가 꾸는 꿈들이 점점 더 날 작아지게 해 차갑고 차가워라 마음은 너무도 뜨겁고 현실은 얼음장 같아라 이 순간을 잡고 놓지 않겠어 너와 나 우린 달랐을 뿐 잘못되진 않았어 이 순간을 잡고 놓지 말아줘 너와 나 우린 달랐을 뿐 잘못되지 않았어하지만 나는 참을거야. 나는 그냥 붙잡을거야
2,어둠이 내려 앞이 보이지 않아 길을 잃었어 이 세상은 왜 아름답기보단 아프기만 한지 많은 사람이 넘어지고 많은 눈물이 넘쳐흘러 우린 필요해요 서로에게 힘이 돼야 해 모두가 필요해 나도 알아 요새 많이 힘들었지 귀 빌려줄 테니 말해봐 문제가 뭔지 이제 말해줘 어렵지 않아 사랑이란 말 아끼지 말고 사랑보다 더 큰 힘은 없어 그것뿐이면 돼 사랑이 더 더 퍼지게 다시 웃을 수 있게 어둠을 밝혀 내가 너의 빛이 되어 줄게 두려워하지 마 거짓말 같은 이 밤도 모든 게 꿈처럼 희미해질 거야 서로 꼭 안아줘 이제 말해줘 어렵지 않아 사랑이란 말 아끼지 말고 사랑보다 더 큰 힘은 없어 그것뿐이면 돼 사랑이 더 더 퍼지게 다시 웃을 수 있게 우린 사랑이 필요해 힘들다고 약한 건 절대 아니니까 모두가 필요해 가끔 다시금 온 세상에 필 웃음꽃 소리 높여 노래 불러 더 크게 소리 질러 온 세상에 닿도록 사랑보다 더 큰 힘은 없어 그것뿐이면 돼 사랑이 더 더 퍼지게 다시 웃을 수 있게 다시 웃을 수 있게사랑해요 당신이 필요할 때마다 당신 곁에 있을게요 Baby Everyone 노래 쇼 유어 러브 쇼 유어 러브 쇼 유어 러브 세이 유어 러브 스타처럼 당신의 사랑을 말해요 Baby 모두 노래 쇼 유어 러브 쇼 유어 러브 쇼 유어 러브 쇼 유어 러브 쇼 유어 러브 쇼 유어 러브 쇼 유어 러브 유어 러브 유어 러브 유어 러브 유어 러브 유어 러브 유어 러브 유어 러브 유어 러브 유어 러브 유어 러브 유어 러브 유어 러브 유어 러브 유어 러브 유어 러브 유어 러브 유어 러브 유어 러브 유어 러브 유어 러브 유어 러브 유어 러브 유어 유어 유어 기대다 인생이 계속된다는 것을 당신은 결코 알지 못합니다 LOVE Show Your Love 노래하는 모든 사람들 쇼 유어 러브 쇼 유어 러브 유어 러브 유어 러브 유어 러브 유어 러브 유어 러브 유어 러브 유어 러브 유어 러브 유어 러브 유어 러브 유어 러브 유어 유어 러브 유어 유어 유어 유어 러브 유어 유어 유어 유어 유어 유어 러브 유어 유어 유어 유어 유어 유어 유어 유어 유어 유어 유어 유어 유어 유어 유어 유어 유어 유어 유어 유어 유어 유어 유어 유어 유어 유어 유
2,시작해볼까 이 시간만을 기다려 왔네 웃음이 번져 드디어 우리 마주한 거야 한동안 널 휘휘 저었던 졸이고 애태웠던 걱정들 후후 불어 꿀꺽 삼켰던 뜨거운 눈물도 모두 던져봐 오늘은 너의 날이야 축제는 지금부터야 잔을 더 높여봐 더 뛰어봐 더 날아봐 오직 널 위해서 부딪혀볼까 단숨에 맘이 가벼워지네 음악에 취해 흐르는 대로 너를 맡겨봐 한동안 널 살살 녹였던 뜸 들여 살 찌웠던 걱정들 얼음처럼 꽁꽁 얼렸던 그날의 기억도 모두 던져봐 오늘은 너의 날이야 축제는 지금부터야 잔을 더 높여봐 더 뛰어봐 더 날아봐 오직 널 위해서 오늘뿐이라 해도 망설이지 말고 니가 그리는 대로 오늘은 너의 날이야 축제는 지금부터야 잔을 더 높여봐 더 뛰어봐 더 날아봐 오직 널 위해서 잊지마 너의 날이야 축제는 계속될 거야 소릴 더 높여봐 더 날아봐 포기 말아 오직 널 위해서 오직 널 위해서 Woo high up fly up woo high up fly up 널 보낼 수 없어 오 그래 나에게 알려줘 woo high up up woo fly up dream up Uhuh 너의 하루
2,세상엔 상처가 가득한 마음을 들고선 아무렇지 않은 척 걸어 다니는 사람들로 가득해 우린 그런 서로와 웃고 떠들다 울고 화내고 서롤 밀쳐내다 두 팔로 껴안아 나는 어른이 처음이야 이런 마음 익숙하지 않은 걸 나는 어른이 처음이야 이런 마음 나는 모르고 싶어 난 어른이 처음이야 난 어른이 처음이야 내가 전혀 볼 수 없는 나의 마음 어딘가에 구멍이 뚫려 줄줄 새어나가는 느낌이 들어 잡히지 않는 무언가를 계속 쫓으면서 뭐가 정답인지 잘 모르니까 난 여기 멈춰있고 세상은 늘 먼발치에 나는 아직도 나를 잘 사랑할 줄 모르고 보이지 않는 것들을 가득 움켜쥔 채로 이렇게 무뎌지는 게 어른이 되는 걸까 난 여기 멈춰있고 세상은 늘 먼발치에 나는 아직도 나를 잘 사랑할 줄 모르고 보이지 않는 것들을 가득 움켜쥔 채로 이렇게 무뎌지는 게 어른이 되는 걸까 나는 어른이 처음이야 이런 마음 익숙하지 않은 걸 나는 어른이 처음이야 이런 마음 나는 모르고 싶어 난 어른이 처음이야 난 어른이 처음이야 
2,푸른 하늘을 나는 작은새가 부러워 나도 한번 날아볼까 낡은줄에 묶인 난 너무 답답해 자유롭게 살고 싶어 답답했던 줄을 끊어버리고 높은 하늘위로 하얀 구름을 타고 하늘높이 올라가 멋진여행 시작해 혼자여도 괜찮아 좀 더 멀리 바라봐 무지개 저 끝까지 자유롭게 날아갈꺼야 답답했던 줄을 끊어버리고 높은 하늘위로 하얀 구름을 타고 하늘높이 올라가 멋진여행 시작해 혼자여도 괜찮아 좀 더 멀리 바라봐 무지개 저 끝까지 자유롭게 날아갈꺼야 높이 날아봐 좀 더 높이 날아봐 달이 닿을 때까지 멋진 여행일 꺼야 혼자여도 괜찮아 좀 더 멀리 바라봐 무지개 저 끝까지 자유롭게 날아가 이순간을 하얀 구름을 타고 하늘높이 올라가 멋진여행 시작해 혼자여도 괜찮아 좀 더 멀리 바라봐 무지개 저 끝까지 자유롭게 날아갈래 자유롭게 날아갈래 자유롭게 날아갈꺼야플라이 플라이
2, 뭘 입어도 거울 안에 비친 내 모습은 하나같이 맘에 들지 못해 만족하지 못해 누구 앞에 서더라도 점점 한없이 더 작아지고 있는 내 모습에 인상 찌푸리게 돼 내가 아니면 그 누구도 내가 더 행복해지길 바래 매일 같은 내 바램 날 흔들지는 못해 내가 더 행복해지길 바래 매일같이 난 말해 날 더 아껴주진 못해 혹시라도 누구 앞에 비친 내 모습이 이상할까 아무 것도 못해 아무 말을 못해 단 한번도 내 속안에 있는 감정들을 솔직하게 꺼내 놓지 못해 혼자 욕하게 돼 내가 아니면 그 누구도 내가 더 행복해지길 바래 매일 같은 내 바램 날 흔들지는 못해 내가 더 행복해지길 바래 매일같이 난 말해 날 더 아껴주진 못해 내가 더 행복해지길 바래 매일 같은 내 바램 날 흔들지는 못해 내가 더 행복해지길 바래 매일같이 난 말해 날 더 아껴주진 못해 우우우우우우우우우우우우우우우우우우우우우우우우우우우우노우노우노우노우노우노우우우우우우우우우우우우우우우우우우우우우우우우우우우우우우우우우우우우우우우우우우우우우우우우우우우우우우우우우우우우우우우우우우우우우
2, 월 코로나 엄청 무섭다던데 아직 우리 나라는 뭐 별 일 없으니까 괜찮아 금방 다 끝날 일이니까 그냥 조금만 더 조심하면 되겠지 월 별일도 아닌 것 같은데 노래방도 못가고 이게 무슨 일이래 그래도 백신 금방 나올테니까 뭐 괜찮겠지 월 학교도 못가고 친구도 못보고 그렇다고 놀 수도 없고 어디 나갈 수도 없어 답답해 아 친구보고싶다 월 금방 끝날 줄 알았는데 이게 무슨 일이래 갑자기 늘어난 확진자 탓에 가게에 손님이 뚝 끊겼네 참 힘들긴 했지만 어쨋든 시간은 흘러가 그러니 우리를 위해서 노래를 부르자 월 드디어 학교 갈 수 있겠다 오랜만에 친구들 볼 생각에 신나있는데 몇몇 생각없는 사람들 때문에 아 또 미뤄졌어 월 이젠 포기해야하는 걸까 오늘이 어제의 두배래 모두 힘든데 자기만 아는 사람들 때문에 하 진짜 월 왠지 상쾌하다면 그건 너가 마스크를 안 쓴 것 농담이 어이없지만 사실인 걸 언제쯤 마스크 없이 살 수 있을까 월 입대 후 개월 째 휴가도 못갔는데 밖에서 휴가 가는 사람들 때문에 이번 휴가도 또 못나갈 것 같애 참 힘들긴 했지만 어쨋든 시간은 흘러가 그러니 우리를 위해서 노래를 부르자 월 어쩔수 없는 일이야 세상 모든 일이 다 워 원하는 대로만 되진 않아 각자의 위치에서 노력을 해야지 월 근데 할로윈이라니 다들 까먹은걸까 지난 년동안 우리가 반복했던 실수를 월 생각이 많아지는 걸 수능 보는 친구들 걱정과 힘들어 폐업하는 가게가 슬프게도 현실이니까 벌써 월이지만 그래도 그래도 우리 모두 함께라면 이런 것쯤은 이겨낼 수 있어 그러니까 다 같이 참 힘들긴 했지만 어쨋든 시간은 흘러가 그러니 우리를 위해서 노래를 부르자 참 힘들긴 했지만 어쨋든 시간은 흘러가 그러니 우리를 위해서 노래를 부르자 
2,누구나 손가락질 받을 때면 가슴 한 켠이 뜨거워지는 걸 느끼죠 그댄 따뜻한 그 말 한마디가 필요했다는 걸 알아요 강한 척 밀어내도 어디로 가는지 무거운 발걸음이 많이 지쳐 보여요 언제나 기다릴게요 편히 쉴 수 있도록 집으로 가는 길 매일 걷던 그 길을 헤매다 길을 잃은 아이처럼 방황의 끝에 서 있죠 힘들어도 꿈을 잃지 말아요 세상의 모든 게 그댈 속일지라도 더 이상 슬퍼 말아요 이젠 웃어요 변명이란 이불 덮어줘 그렇지 않으면 내가 너무 추워 우스워 보이기 싫어서 핑계를 베고 누워 언제나 불안 속에 살아 뜨거워 그래서 내게 보내나 봐 차가운 시선 이 세상 어디도 날 위한 곳은 없어 도망치듯 집으로 두 발을 움직여 해 고인 눈물 그만 닦고 일어서 주저앉아 나만 왜 나만 왜 징징대 봤자야 쉿 하고 일어서 웃겨 나도 못 보면서 남의 눈치 보네 해 보기도 전에 지레 포기하지 따뜻함에 안주하기엔 세상이란 술은 독해 언제부터였는지 힘없는 뒷모습엔 상처만 남았네요 언제나 열어 둘게요 편히 쉴 수 있도록 집으로 가는 길 매일 걷던 그 길을 헤매다 길을 잃은 아이처럼 방황의 끝에 서 있죠 힘들어도 꿈을 잃지 말아요 세상의 모든 게 그댈 속일지라도 더 이상 슬퍼 말아요 혹시 길을 걷다 발목을 다쳐도 주저앉아 포기하진 말아요 많이 힘들지 괴롭지 매일이 혼자인 것처럼 외롭지 이젠 나와 힘든 길을 같이 걷자 집으로 가는 길 매일 걷던 길 헤매다 길을 잃은 아이처럼 방황의 끝에 서 있죠 힘들어도 끈은 놓지 말아요 세상의 모든 게 그댈 속일지라도 더 이상 슬퍼 말아요 이젠 웃어요난 내가 믿는다고 믿어 괜찮아 Oh Stop Oh 하지만 지금 날 포기하지마 Oh No way Oh
2,너의 하루가 기나긴 한숨 같아 그저 떠나고 싶은 거니 또 기대하고 휘청이며 버티고 있는 거니 때로는 세상이 봄날 같고 때로는 안개만 자욱하지 반짝였다 어두워졌다 삶이란 그런 거야 가야 할 길 있기에 헤매던 날들 꽃처럼 피우려고 모질던 바람 힘내란 말은 하지 않을게 이것만은 기억해줘 거센 강물처럼 이 또한 지나가리라 누군갈 위해 박수만 치는 내가 이젠 지겨워 지진 않니 가까운 이의 다독인 말도 들리지 않는 거니 그치지 않는 비는 없잖아 언제나 햇살일 순 없잖아 부딪치며 깨달아가는 삶이란 그런 거야 가야 할 길 있기에 헤매던 날들 꽃처럼 피우려고 모질던 바람 힘내란 말은 하지 않을게 이것만은 기억해줘 거센 강물처럼 이 또한 지나가리라 괜찮아질 거라 위로하는 게 아냐 나도 걸어 온 길인 걸 거친 세상을 두려워 마 모든 사랑도 모든 상처도 괜찮아 너를 더 찬란하게 더 너답게 만들 테니 누군갈 사랑해서 빛났던 날들 누군갈 잊기 위해 떠나온 날들 아픔을 겪어야 시작되는 순간이 있다는 걸 지금 아프다면 너의 계절이 오는 거야 거친 바람은 그렇게 꽃을 피운다 
2,소년이 어른이 되어 사람을 알아갈 때에 뜻하지 않던 많은 요구와 거친 입술들 소년이 어른이 되어 세상을 알아갈 때에 하얀 마음은 점점 어두워지고 잠 못 이루는 날이 많아지겠지 나의 오늘이 흘러가면 서글픈 추억들 중에 작은 조각이 되겠지 잡을 수 없는 시간들은 떨어지는 빗방울이 사라지듯 나를 스쳐가네 소년이 어른이 되어 세상을 알아갈 때에 하얀 마음은 점점 어두워지고 눈물 흘리는 날이 많아지겠지 나의 오늘이 흘러가면 서글픈 추억들 중에 작은 조각이 되겠지 잡을 수 없는 시간들은 떨어지는 빗방울이 사라지듯 나를 스쳐가네 미련한 나의 모습을 버릴 수만 있다면 나의 오늘이 흘러가면 잡을 수 없는 시간들은 떨어지는 빗방울이 사라지듯 나를 스쳐 나의 내일이 다가오면 소년의 꿈을 이뤄줄 작은 노래가 되줄게 잡을 수 없는 시간들은 오늘도 미련없이 나를 남겨두고 떠나가네 
2,왜 한숨이 나는지 왜 고갤 못 드는 건지 나만 이런 건지 무거운 내 발걸음 오늘은 어땠는지 나만 이런 건지 홀로 켜진 저 불빛 아래 쓸쓸한 내 눈빛 달아난 그 빛 고개를 들어보니 까만 하늘 속에 저 별 까만 내 마음 속 비추네 나 혼자라는 말 그 말 나와는 이젠 어울리지는 않아 나 혼자뿐이란 그 말 날 향한 그 미소에 접어둘게 이유를 모른 채로 난 한숨 섞인 채로 난 어딜 향하는지 날 비운 채로 따라간 길 길 따라 내 마음 다시 꼭 잡아 주위를 둘러보니 푸른 세상 속 사람들 부풀은 내 마음 속 그 말 나 혼자라는 말 그 말 그 말 나와는 이젠 이젠 어울리지는 않아 나 혼자뿐이란 그 말 그 말 날 향한 그 미소에 외로운 걸까 나만 자유로운 걸까 나만 매일 밤 생각에 잠겨 잠 못 들었던 나 다신 없을 지금의 나에게서 달아난 나를 찾아 매일 밤 생각에 잠겨 잠 못 들었던 나 다신 없을 지금의 나에게서 달아난 나를 찾아 음 음 우 노 우 노 우 음 아니 그때는 힘들었어 오늘은
2,혼자라는 생각이 들 때 이유 없이 눈물이 날 때 꿈을 꾸다 길을 헤매 일 때 차가운 현실에 겁이 날 때 괜찮아 잠깐 스치는 바람일거야 괜찮아 잠깐 지나는 소나기 일거야 얼룩질 마음 속에 다가가 말할께 따뜻한 그날이 올거야 반복된 일상에 지칠 때 나쁜 마음이 들 때 작은 말들이 상처가 될 때 버릇처럼 한숨이 날 때 괜찮아 잠깐 스치는 바람일거야 괜찮아 잠깐 지나는 소나기 일거야 얼룩진 마음 속에 다가가 말할께 따뜻한 그날이 올거야 내 어깨에 기대 크게 울어도 돼 괜찮아 잠깐 스치는 바람일 거야 괜찮아 잠깐 지나는 소나기 일거야 얼룩진 마음 속에 다가가 말할께 따뜻한 그날이 올거야 얼룩진 마음 속에 다가가 말할께 따뜻한 그날이 올거야 
