Lyrics,label
아침에 일어나 너에게 짧은 인사를 보낸다 아무리 멀리 떨어져 있어도 나는 널 생각하고 있어 늦은 밤 졸린 눈 비비며 너에게 편지를 쓸게 반가운 사진 속 그 표정만큼 아름다운 나날들이기를 찬 바람이 불어와 어깨가 움추러들 때에도 너를 떠올린다면 씩씩한  표정 할수있어 알고있니 넌 나의 Number 1 두근대는 맘은 아직까지 여기에 언제까지나 My only one 좋아한단 말은 나를 웃음짓게 해 My number 1 My only one 때로는 지쳐 울어도 My number 1 I want to be with you 우 우 우 우My number 1 눈을 감으니 꼭 곁에 있는것 같아쨘 하고 나타날게생각치 못한 어느 날우연히 문득 뒤돌아 봤을 때그때 꼭 내가 서 있을게꼭 하고 껴안을게 가장 반가운 얼굴로눈물이 왈칵 쏟아진다해도나는 환하게 웃을거야혹시 오늘 너에게서러운 일이 생긴다면오래 전 그 날처럼 달려가꼭 안아주고파아름답게 빛나길알고있니 넌 나의 Number 1두근대는 맘은 아직까지 여기에언제까지나 My only one좋아한단 말은 나를 웃음짓게 해My number 1 My only one때로는 지쳐 울어도My number 1I want to be I want to beI'm still in love with youMy number 1눈을 감으니 꼭 곁에 있는것 같아 기억해줘 넌 나의 Number 1보고싶은 사람 이만 줄일게 안녕,0
라라랄라 라라랄라 워어 워어  너가 맛있었다고 했던  살구빛 샐러드  맛있어서 또 먹고 싶어  너가 좋아했던 것들을  나에게 자그마한 행복들 달력  안 기념일들로  채워지네 채워지네 Yeah 나나나나나나 너가 좋아했던  살구빛 샐러드  그 날은 샐러드 기념일  우후나나나나나  너가 좋아하던 멜로디언 소리  그 날은 멜로디 기념일  우 라라라나나나 너가  예뻤었다고  했던 조그만 고양이  귀여워서 또 보고 싶어  너가 좋아했던 것들을  나에게 자그마한 고양이들 방에  한가득하게  채워지네 채워지네 Yeah  나나나나나나 너가 좋아했던  살구빛 샐러드  그 날은 샐러드 기념일 우후 나나나나  너가 좋아하던 멜로디언 소리  그 날은 멜로디 기념일 우우  라라라나나나 너가 좋아했던  살구빛 샐러드  그 날은 샐러드 기념일 우후 나나나나  너가 좋아하던 멜로디언 소리  그 날은 멜로디 기념일 우우  라라라나나나,0
자꾸 마주치는 네 눈빛에 Baby baby왠지 어색해 대체 왜 이래고개를 숙여봐도너의 발끝에 맘이 설레또 두근대 두근대 두근대네 발이 조금씩 내게로 천천히한 걸음 걸음 가까워지잖아숨길 수 없어진 내 맘은커져만 가는데Come on come on come on살며시 고개 들어 너를 보면두 볼에 살짝 입 맞춰줘Would you Would you Would youOh yes I do혼자서 아주 오래 바라왔던동화 같은 그런 순간이Would you Would you오늘은 꼭 생기길 기도해 볼래한 발 두 발 뛰는 내 맘발끝이 닿을 것 같아나 어떡해야 해머릿속이 새하얗게 돼괜시리 장난스레한 발 물러서 멈춰 서면넌 다가와 다가와 다가와점점 더 커지는 심장의 발걸음어쩌면 네게 들릴 것만 같아한 발 더 가까이 너에게먼저 다가갈까Come on come on come on살며시 고개 들어 너를 보면두 볼에 살짝 입 맞춰줘Would you Would you Would youOh yes I do혼자서 아주 오래 바라왔던동화 같은 그런 순간이Would you Would you오늘은 꼭 생기길 기도해 볼래Would you Would you boyWould you Would you boyWould you be mineWould you Would you boy망설이지 말아줘 Oh my love갑자기 고개 숙여 나를 향해두 볼에 살짝 입 맞춘 너놀라서 고개 들어 너를 보면아무 말 없이 안아줄래Would you Would you Would youOh yes I do 네 품에 포근하게어쩐지 맘이 자꾸 간지러워한 쪽 발이 하늘로 날아Would you Would you내 마음도 따라서 오를 것 같아수줍게 간직했던 내 가슴 속 비밀오늘은 이뤄지길 기도해 볼래,0
어깨동무까진 괜찮아그치만 손 잡는 건 조금 위험해잘 자란 메세진 괜찮아그래도 자냐는 메세진 안 돼심심할 때 연락해커피 한 잔은 okay늦은 시간 술 한 잔은 안 돼가끔 전화는 okay영상통화는 no thanks아무래도 어색해서 못해우리들 사이엔우리 둘만 모르게그어진 선 같은 게 있나 봐친구라 하기엔더 가까운 것 같은데우린 그 선 위에 서 있나 봐넘어와 boy넘어와 girl어색해지면 어쩌지뻘쭘해지면 어쩌지넘어와 boy넘어와 girl눈 딱 감고 더 다가가 볼까살짝 기대는 어깨거기까지는 okay사실 지금도 난 좋은데더 다가와도 okay멀어질까 걱정돼아직 준비 안 된 것 같애우리들 사이엔우리 둘만 모르게그어진 선 같은 게 있나 봐친구라 하기엔더 가까운 것 같은데우린 그 선 위에 서 있나 봐우리들 사이엔우리 둘만 모르게그어진 그어진 선 같은 게 있나 봐친구라 하기엔더 가까운 것 같은데우린 그 선 위에 서 있나 봐넘어와 boy넘어와 girl어색해지면 어쩌지뻘쭘해지면 어쩌지넘어와 boy넘어와 girl눈 딱 감고 더 다가가 볼까,0
햇살이 가득그댈 향한 가벼운 발걸음콧노래 부르며쇼윈도에 비친내 모습을 한번 점검해시간은 충분해오늘 그대와어떤 얘기를 나눌까어딜 가볼까저기에 그녀가 보이네요오늘은 정말너무 기분 좋은 날미소가 가득나도 모르게 웃음이 나그녈 생각하면지금 내 모습그녀 맘에 들지 않을까자꾸 신경 쓰여오늘 그대와팔짱을 끼면 어떨까손잡아볼까저기에 그녀가 보이네요오늘은 정말 너무 기분 좋은 날하늘 위를 날으는기분이 이런 걸까 오그댄 너무 새콤달콤내 마음은 두근두근기분이 좋아분홍빛 장미를 닮은아름다운 그녀의 모습오늘은 어떨까상상만으로 터져버릴 듯한이 기분어쩌면 좋아오늘 그대와어떤 얘기를 나눌까어딜 가볼까저기에 그녀가 보이네요나를 향해 손을 흔드네요눈 앞에 그녀가 보이네요오늘은 정말너무 기분 좋은 날,0
세상에서 가장 행복한 말그래서 더욱 듣고픈 말고마운 말 날 살리는 말사랑해 그댈 정말쑥스러워 평생 못하는 말그래서 더욱 하고픈 말미안한 말 눈물 나는 말사랑해 그댈 사랑해마음은 굴뚝인데이 핑계 저 핑계로 미뤄뒀지그렇지만 나는 말야그러니까 나는 말야내 진심은 말야너를 사랑해 사랑해 사랑해나에겐 누구보다 소중한 사람언제나 내 곁에 있어서자꾸 깜빡 잊고 살지만사랑해 사랑해 사랑해나 지금 눈물나게 고마운 사람언제나 그렇게 있어줘그대 때문에기쁜 내 맘을 알아줘멋쩍어서 내내 감추는 맘그래서 지금 열고픈 맘든든한 맘 참 따뜻한 맘사랑해 그댈 사랑해마음은 안 그런데자꾸 툴툴거리고 짜증냈지그렇지만 나는 말야그러니까 나는 말야내 진심은 말야너를 사랑해 사랑해 사랑해나에겐 누구보다 소중한 사람언제나 내 곁에 있어서자꾸 깜빡 잊고 살지만사랑해 사랑해 사랑해나 지금 눈물나게 고마운 사람언제나 그렇게 있어줘그대 때문에기쁜 내 맘을 알아줘이것저것 재지 않아도별다른 이유 찾지 않아도날 믿어줄 날 감싸줄 날 지켜줄힘이 돼 줄 나의 좋은 사람들그댈 사랑해 사랑해 사랑해너를 사랑해 사랑해 사랑해이 세상 누구보다 소중한 사람언제나 내 곁에 있어서자꾸 깜빡 잊고 살지만사랑해 사랑해 사랑해나 지금 눈물나게 고마운 사람언제나 그렇게 있어줘그대 때문에기쁜 내 맘을 알아줘너를 사랑해,0
Baby love never felt so goodAnd I doubt if it ever couldNot like you hold me hold meOh babyLove never felt so fineAnd I doubt if it's ever mineNot like you hold me hold meAnd the night's gonna be just fineGotta fly Gotta seeI can't waitI can't take it causeBabyEvery time I love youIn and out my lifeIn and out babyTell meIf you really love meIt's in and out my lifeIn and out babySo babyLove never felt so goodOh babyLove never felt so fineAnd I doubt if it's ever mineNot like you hold me hold meOh babyLove never felt so goodAnd I doubt if it ever couldNot like you hold me hold meAnd the night's gonna be just fineGotta fly gotta seeI can't waitI can't take it causeBabyEvery time I love youIt's in and out my lifeIn and out babyTell meif you really loveIt's in and out my lifeDriving me crazyBabyLove never felt so goodbabyLove never felt so fineAnd I doubt if it's ever mineNot like you hold me hold meOh babyLove never felt so goodAnd I doubt if it ever couldNot like you hold me hold meAnd the night's gonna be just fineGotta fly gotta seeI can't waitI can't take it causeBabyEverytime I love youIt's in and out my lifeIn and out babyTell meIf you really love meIt's in and out my lifeDriving me crazyCause babyLove never felt so goodIt never felt so goodIt never felt so goodNever felt so goodIt never felt so goodNever felt so goodAlright that's fine,0
사랑 그게 뭔지 아직도 궁금해I'M THINKING THINKING ABOUT LOVEABOUT LOVE생각할수록 답이 멀어져만가는 것 같아잘 모르겠어돌고 도는 쳇바퀴에맞춰지는 PUZZLE GAME BOARD그걸 원하는 건 아닐 듯 말이야왔다 가는 그런 인연스쳐 가는 많은 우연아직 난 기다리고 있어 DESTINY마음은 널 향한GREEN LIGHT GREEN LIGHT머리는 날 향한 RED LIGHT RED LIGHT깜빡이는 신호가 날 서두르게 하지만또 스쳐가는 인연인가 봐WOO GREEN LIGHT GREEN LIGHTWOO RED LIGHT RED LIGHTWOO GREEN LIGHT GREEN LIGHTWOO GREEN LIGHT좋은 예감보다 앞서버린 희망I’M THINKING THINKING ABOUT LOVEABOUT LOVE똑같은 실수 어김없이 반복해또 내 안에 켜져 버린 RED LIGHT돌고 도는 쳇바퀴에지쳐가는 MIND CONTROL그걸 원하는 건 아닐 듯 말이야왔다가는 그런 인연스쳐가는 많은 우연아직 난 기다리고 있어 DESTINY마음은 널 향한GREEN LIGHT GREEN LIGHT머리는 날 향한 RED LIGHT RED LIGHT깜빡이는 신호가 날 서두르게 하지만또 스쳐가는 인연인가 봐WOO GREEN LIGHT GREEN LIGHTWOO RED LIGHT RED LIGHTWOO GREEN LIGHT GREEN LIGHTWOO GREEN LIGHTI’M IN THE GREEN LIGHTI’M IN THE GREEN LIGHTI’M IN THE GREEN LIGHTI’M IN THE GREEN LIGHTI’M IN THE GREEN LIGHTI’M IN THE GREEN LIGHTI’M IN THE GREEN LIGHTI’M IN THE GREEN LIGHT마음은 널 향한GREEN LIGHT GREEN LIGHT머리는 날 향한 RED LIGHT RED LIGHT깜빡이는 신호가 날 서두르게 하지만또 스쳐가는 인연인가 봐WOO GREEN LIGHT GREEN LIGHTWOO RED LIGHT RED LIGHTWOO GREEN LIGHT GREEN LIGHTWOO GREEN LIGHT,0
tonight널 바래다 주는 길 내내내가 변했다고 말하지널 생각하지 않는다고너는 투덜대지언제나넌 사랑이 설레임이니내겐 사랑은 익숙함야너를 떠올리는 그 시간을따로 두진 않아늘 널 생각해 그래 널 생각해바쁜 하루의 순간 순간그 순간도 니가 보여모두 보여줄 순 없지만조금은 너도 느끼잖아늘 널 생각해 매일 널 생각해잠이 들어 꿈꾸는 순간도내 앞에 웃는 그런 너를 생각해기억나내가 처음 고백했던 그날멋진 이벤트도 없었지만날 받아준 널 내 가슴에 늘 지금처럼늘 널 생각해 그래 널 생각해바쁜 하루의 순간 순간그 순간도 니가 보여모두 보여줄 순 없지만조금은 너도 느끼잖아늘 널 생각해 매일 널 생각해잠이 들어 꿈꾸는 순간도내 앞에 웃는 그런 너를 생각해늘 널 생각해 그래 널 생각해우리 함께한 순간 순간그 순간이 소중해서말로 다 할수는 없지만조금씩 네게 보여줄게늘 난 생각해 매일 난 생각해이른 아침 잠에서 깨어나이 세상에서 가장 행복한 너를내 앞에 웃는 그런 널 보며I love you,0
Just Wanna Fall'in LuvYeah YeahIt's all about luv만남이란 상상만으로도눈부신 낭만의 시작한 잔의 진한 설레임에향기가 온 몸으로 퍼지는환상의 시간슬며시 두 볼이 붉어진연인들이 단풍 잎새 처럼 느껴질쓸쓸함이란 씨앗에 핀사랑들이 무르익는 계절의 소식마음에 번지는 흥분과또 넘치는 기쁨에뿜어지는 눈물들이며칠을 잠을 깨워또 깨워 밤 새워애 태워 해 봐도그리움 못 채워그저 끄적 편지만 몇 글자보고 싶은 사람의 얼굴만자꾸 자꾸 떠 오르네 떠 오르네Just Wanna Fall'in Luv혼자 보다 외로움 보다둘의 행복함 워 어어어낮과 밤은 사라지는사랑의 기적Yeah yo열과 성과 진심으로 전한사랑의 결과는기분 좋은 변화로믿음이라는 굳은 살이 박히고더 아끼고픈 욕심에 푹 빠지고살기좋은 이 삶이란 이야기만지나칠 만큼 입에 맴돌아달콤한 말 보다사소함을 챙길 때맺는 두 사람의 교감아주 자주아픈 말을 낳는질투가 주는 실수는비뚤어진 입을 길 들여이해하기 인정하기를기억하고 실천하길넓은 가슴이 즐겨 먹는사랑은 맛있어달 빛 젖은 햇살 머금은세상의 선물 워 어어어지켜줄께 아껴줄께영원의 주문U Make me feel brand new값진 사랑 반쪽을 갈라서로 나누어언제나 가슴에 품고서모든 순간 함께해웃음이 번지고행복함은 넘치고 기쁨도 커지고Everybody SingThis song Right Now사랑은 맛있어달 빛 젖은 햇살 머금은세상의 선물 워 어어어지켜줄께 아껴줄께영원의 주문U Make me feel brand new값진 사랑 반쪽을 갈라서로 나누어언제나 가슴에 품고서모든 순간 함께해,0
장난스러운 너의 속삭임내마음을 알아차린듯신기루 같은 사랑의 유혹It's magicalbut strange temptationIf you don't minddear god of lovejust let this love to be real너에게 나를가둬둘수 있도록If you don't minddear god of lovejust let this love to be true널향한 나의 소원이란 사랑이란걸그대만의 기적이란훔쳐볼순 없는지Don't know if we are in love달콤한 사랑이여그대는 the god of love잔인한 사랑이여그대는 the god of love나 아닌 다른 사람 에게도늘 보란 듯 눈길 주더니어느새 너의 황금화살에in the next momentI'm deep in loveIf you don't minddear god of lovejust let this love to be real너에게 나를 가둬둘수 있도록If you don't minddear god of lovejust let this loveto be ture널향한 나의 소원이란 사랑이란걸그대만의 기적이란훔쳐볼 순 없는지Don't know if we are in love달콤한 사랑이여그대는 the god of love잔인한 사랑이여그대는 the god of love달콤한 사랑이여그대는 the god of love잔인한 사랑이여그대는 the god of loveI don't know why whenI don't know why whenTo loveTo loveIf you don't minddear god of lovejust let this love to be real너에게 나를 가둬둘수 있도록If you don't minddear god of lovejust let this love to be true널향한 나의 소원이란 사랑이란걸If you don't minddear god of lovejust let this love to be real너에게 나를 가둬둘수 있도록If you don't minddear god of lovejust let this love to be true널향한 나의 소원이란 사랑이란걸장난스러운 너의 속삭임내 마음을 알아 차린 듯신기루 같은 사랑의 유혹It's magicalbut strange temptaionIf you don't minddear god of loveIt's magicalbut strange temptaionIf you don't minddear god of loveIn the next momentI'm deep in love,0
뭔가 기분 좋은 일이생길 것만 같은 기분이야요즘 따라 10년 만에사람들이 나를 알아봐연예인이 된 것만 같아뜻밖의 인연으로 연애도 하게 되려나뭔가 대박이 날 것 같은데내 느낌상 무더운 여름도다 지나갔고 좀 쓸쓸해도개코 형 말처럼 느낌 So Good Good오빠 차 뽑았다 라고말할 수 있는 날도 올 것 같아술 담배 욕 커피 다 끊고도끼 형처럼 살아 볼까 나자신감도 부쩍 늘고모두 잘 될 것만 같은데내 주변 사람들은 내 생각들그게 전부 기분 탓이래전부 기분 탓이래왠지 나 기분이 좋아기분 탓일 수도 있지만It's all right바래 왔던 많은 꿈들전부 다 잘 될 것 같아Nuh oh oh oh oh oh콧노래를 불러 봐발걸음이 더 가벼워지는기분이야어떤 일이든 잘 될 거야이게 다 좋은 기분 탓오늘 따라 거울에 비친내 얼굴엔 김이 묻었네잘생김요즘에는 TV에서가장 꽂히는 노랫말짜증을 내어서 무엇 하나사람들이 나를 보는 시선조차도많이 변한 것을 느껴물론 나도 세상을 바라보는시선도 변했겠지못해도 아마 180도내가 정말 미쳐가는지잠 자는 시간조차 왜 아까운지궁금해서 물어보면 사람들은전부 기분 탓이래전부 기분 탓이래왠지 나 기분이 좋아기분 탓일 수도 있지만It's all right바래 왔던 많은 꿈들전부 다 잘 될 것 같아Nuh oh oh oh oh oh콧노래를 불러 봐발걸음이 더 가벼워지는기분이야어떤 일이든 잘 될 거야이게 다 좋은 기분 탓난 사주를 믿지는 않지만올해는 너무 좋대삼재도 끝났고 막히는 일 없이 전부 술술 풀린대그런 걸 다 떠나서나도 이제 훨훨 높이 날아오를 때열심히 산 만큼내 노래 가사처럼 길이 보이네자 모두 힘을 내왠지 나 기분이 좋아기분 탓일 수도 있지만It's all right바래 왔던 많은 꿈들전부 다 잘 될 것 같아Nuh oh oh oh oh oh콧노래를 불러 봐발걸음이 더 가벼워지는기분이야어떤 일이든 잘 될 거야이게 다 좋은 기분 탓,0
That's the way it's gonna be코코노로 카타치카와라나이No matter how things might be코노마마 far도시테모이이 나니모이라나이Just tell me that you want meCOME ONYEAH YOU KNOW ITYOU KNOW I'M SAYINGYO YOU GOT THE POWERHA BoAYOU SAW YOU DOJOHNNY ASTROM FLO아시타니낫타라 와스레루요돗카이타노니히키즈루키모치 For you나제카토마라나이Kinda like an apple pie소토와도라이다케도나카미Soft & Sweet 도코카라 사 도시요Once again it's the cosmic아라모도오이시이from head to toe 마지get to go upoh I all day all nightplese believe it우소쟈나이 eight hundred colorwell You're flower비진You wanna rock with mewhat's wrongtop노 큐방메노쿠모니놋테take me thereTell me what you think of me오시에테호시이돈나 fashion돈나 메이쿠가이이Wanna be you girlWanna be your one & only다레모이라나이Just tell me that you want meBaby shake it like a 바텐no taboo바브 아마에루specimen하싯테escape시요Just the TWO 후타리데 of usgot the 카기히라쿠Basement 산쥬Relaxation 시마스International 지마쿠츠키Sharp like a 하모노vamonos boogieHovoscope 이라네고코이리구치for you & I 소레가 manifestoLet's go케쇼 tears데오치루와도칸도la vie 무소스루키미스코시이죠요조라니마우dress silk chiffon산토라츠키노 LOVE STORYstars for sureFor sure baby카붓테seatbelt 시테 say itCuz some day one dayyou'll be mineAnd make lovefor the very firstTime tonight다레모키즈카나이소시테혼토와혼토야바쿠나이I got the stop for realmake you mineThat's the way it's gonna be코코노로 카타치카와라나이No matter how things might be코노마마 far시테모이이나니모이라나이Just tell me that you want meHIP HOP I HAVE ITI HAVE ITTO THE HIP HIP HOP INYOU DON'T STOPHIP HOP I HAVE ITI HAVE ITTO THE HIP HIP HOP INYOU DON'T STOPYOU DON'T STOPHEY YOU DON'T STOPYOU DON'T STOPHEY YOU DON'T STOPYOU DON'T STOPYOU DON'T STOPYOU DON'T STOP도코사가시테모nowhere to be foundI'm alone do you know히토리노토키노feelingOh no 도시테콘나니츠라이노 babyShe loves meHe loves me notOH He loves meShe loves me notOH She loves meHe loves me notOH He loves meShe loves me notHe loves meloves meloves me notShe loves meloves meloves me notM F L Oneeds LOVETell me what you think of me오시에테호시이돈나 fashion돈나 메이쿠가이이Wanna be you girlWanna be your one and only다레모이라나이Just tell me that you want meThat's the wayit's gonna be코코노로 카타치카와라나이No matter how things might be코노마마 far도시테모이이 나니모이라나이Just tell me that you want meCome onI told you sola la la la la la la bug,0
혼자라고 느낄 땐 이 멜로디를 기억해봐라랄랄라 랄랄라 라랄랄랄라아언젠가 이 순간이 그리워질 때 또 불러봐라랄랄라 랄랄라 라랄랄랄라아너랑 걸어 다닐 때면 노래가 들려너는 내게 젤 반가운 멜로디거든너랑 걸은 거리마다 난 그림이 보여넌 그런 어떤 느낌인거야재미있는 얘길 하나 해줄까 혼자 걸을 때에도 따라다녀 니가 말하자면 니가 마치 나의 곁을 지키는 것 같아난 지칠 땐 늘 니 생각해 그건 휴식이거든 그건 참 향기롭거든혼자라고 느낄 땐 이 멜로디를 기억해봐라랄랄라 랄랄라 라랄랄랄라아언젠가 이 순간이 그리워질 때 또 불러봐라랄랄라 랄랄라 라랄랄랄라아바람의 결 따라 너의 결을 따라난 흘러가고 싶어너랑 걸어 다닐 땐 한겨울에도 왜 마음이 뜨거워 뜨거워 Hot summer 이 거리 위에 소음이 너와 나의 멜로디 우린 멀리 있어도 신호가 안 멀어 흥얼 거리는 박자에 너와 발걸음을 맞춰 조용한 공원에선 서로의 목소리를 낮춰넌 소중해 알아줘I will always be your memories Forever with you넌 가끔 나를 넌 나를아이처럼 아이처럼 꿈을 꾸게 해Move your hands To the left to the right yo넌 자주 나를 넌 나를아이처럼 막 웃게 만들어Come on come on Here we go혼자라고 느낄 땐 이 멜로디를 기억해봐라랄랄라 랄랄라 라랄랄랄라아언젠가 이 순간이 그리워질 때 또 불러봐라랄랄라 랄랄라 라랄랄랄라아혼자라고 느낄 땐 이 멜로디를 기억해봐라랄랄라 랄랄라 라랄랄랄라아언젠가 이 순간이 그리워질 때 또 불러봐라랄랄라 랄랄라 라랄랄랄라아,0
오늘같이 싱그러운 날길거리 차도 별로 다니지 않아 문득 지나가다 거울을 보면 오늘 내 모습은 좀 예뻐 보이네 이따가 널 보면 무슨 말을 할까 날씨가 좋다고 뻔한 말이라도 건네볼까 어색한 장난이라도 용감하게 오늘은 널 웃음 짓게 만들 거야 I’m in madeleine love I’m in madeleine love I’m in madeleine love 오늘같이 햇볕 좋은 날엔 매일 걷던 거리도 지겹지 않아 문득 지나가다 거울을 보면 내 얼굴도 이 정도면 잘생겼네 이따가 널 보면 무슨 말을 할까 날씨가 좋다고 공원이라도 좀 걷자 할까 짓궂은 장난이라도 용감하게 오늘은 널 웃음 짓게 만들 거야 I’m in madeleine love I’m in madeleine love I’m in madeleine love I’m in madeleine loveI’m in madeleine loveI’m in madeleine love,0
사랑에 빠진 순간 너만 보이고심장은 두근거려I love you I love youI need you I need youCause I love youCause I need youCause I love youCause I need you가슴에 폭 안겨주기길걷다 뽀뽀해주기일부러 투정부리기귀여운 애교도 살짝눈으로 네 맘을 알기더워도 꼭 붙어 있기걸을땐 팔짱 껴주기집앞에 달콤한 키스Cause I love youCause I need youCause I love youCause I need you하루만 못봐도 뽀뽀하고 싶어달콤한 너에게 뽀뽀하고 싶어숨막혀 터질듯 크게 안아줄께영원히 그대를 사랑해I love you I love youI need you I need you섹시한 여자를 봐도앞만보며 걸어가기늦은밤 네게 전화해사랑해 수백번 말해Cause I love youCause I need youCause I love youCause I need you하루만 못 봐도 뽀뽀하고 싶어달콤한 너에게 뽀뽀하고 싶어숨막혀 터질듯 크게 안아줄께영원히 그대를 사랑해랄라 랄라 랄라 랄라너를 만나면 하루가 즐겁고너를 만나면 하루가 설레고너를 만나면 하루가 짧아져너를 만나면 하루가 아쉬워너를 만나면 하루가 포근해너를 만나면 하루가 행복해너를 만나면 공주가 되었고너를 만나면 행복한 여자야I love you I love youI need you I need youI love you I love youI need you I need you my love,0
눈꽃이 내린 버스 정류장에날 데려다주다꼭 내 손을 잡는 너 때문에나 놀랐어아주 오래전부터 숨겼던내 맘이 들킨 걸까부는 바람에 실린 우리에게 번진 This is love내 마음에 내려와 사뿐히 내려와네 어깨 위에도 벌써 내린 그 이름 봄인가 봐우리 잡은 손 틈 사이얇아진 외투 사이어느새 스며들어 우릴 변화시킨 봄이 왔나 봐첨엔 그랬어 편한 친구혹 동생 같았어치마를 입고 꾸민 모습에도놀라지 않았어뭐가 우릴 지금 이렇게 바꿔 놓은 걸까Maybe it’s crazy Can I call you my baby Yeah내 마음에 내려와 사뿐히 내려와네 어깨 위에도 벌써 내린 그 이름 봄인가 봐우리 잡은 손 틈 사이 얇아진 외투 사이어느새 스며들어 우릴 변화시켜 Oh우리 서로에 기대어 잠든 벤치투명한 하늘에 물든Sweet cherry blossom늘 이러면 좋겠다 Yeah우릴 바꾼 그 이름 봄봄봄 봄 Ooh널 사랑해 너를 사랑해 사랑해 널 Yeah넌 봄이 돼줘 항상 나는 꽃이 될게서로를 녹여주고 열리게 해주면 좋겠다안 보이던 마음과 마음마주한 시선 사이겨우내 숨어있던 꽃이 피었나 봐 봄이 왔나 봐,0
I rememberthe way you glanced at meYes I rememberI rememberwhen we caught a shooting starYes I rememberI rememberall the things that we sharedand the promise we madejust you and II rememberall the laughter we sharedall the wishes we madeupon the roof at dawnDo you rememberwhen we were dancing in therain in that decemberAnd I rememberwhen my father thought youwere a burglarI rememberall the things that we sharedand the promise we madejust you and II rememberall the laughter we sharedall the wishes we madeupon the roof at dawnYes I rememberall the things that we sharedand the promise we madejust you and II rememberall the laughter we sharedall the wishes we madeupon the roof at dawnI rememberthe way you read your booksYes I rememberthe way you tied your shoesYes I rememberthe cake you loved the mostYes I rememberthe way you drank your coffeeI rememberthe way you glanced at meYes I rememberwhen we caught a shooting starYes I rememberwhen we were dancing in therain in that decemberand the way you smile at meYes I remember,0
언제였던건지 기억나진 않아 자꾸 내 머리가너로 어지럽던 시작 한 두번씩 떠오르던 생각 자꾸 늘어가서조금 당황스러운 이 마음 별일이 아닐 수 있다고사소한 마음 이라고 내가 내게 자꾸 내게 자꾸 말을 하는게 어색한걸 사랑인가요그대 나와 같다면 시작인가요 맘이 자꾸 그댈 사랑한대요 온 세상이 듣도록 소리치네요 왜 이제야 들리죠 우서롤 만나기 위해이제야 사랑 찾았다고 지금 내 마음을 설명하려 해도 니가 내가 되어맘을 느끼는 방법 뿐인데 이미 난 니안에 있는 걸 내 안에 니가 있듯이 우린 서로에게 서로에게이미 길들여진지 몰라 사랑인가요그대 나와 같다면 시작인가요 맘이 자꾸 그댈 사랑한대요 온 세상이 듣도록 소리치네요 왜 이제야 들리죠 우서롤 만나기 위해이제야 사랑 찾았다고 생각해보면생각해보면많은 순간속에 얼마나 많은 설레임 있었는지 조금 늦은 그 만큼난 더 잘해 줄께요함께 할께요추억이 될 기억만 선물할께요다신 내곁에서 떠나지 마요짧은 순간조차도 불안한 걸요내게 머물러줘요 우그댈 이렇게 많이그토록 많이사랑하고 있어요그대 하나만이미,0
난 말야 크림 가득 담겨있는커피 한 잔과 너만 곁에 둘래나른한 날엔 더욱 생각이 드는그런 나의 위로이니까나의 위로이니까햇살 가득 몸에 받아 손을 뻗으면하늘위로 나는 느낌도 들 테지네가 이런 내 곁에서입맞추면 더 좋을 거야머리 속 하얗게 지워져도 난좋을 거야그냥 밤을 세울 수도 있을 거야볼그라진 네 뺨 아름다워나와 행복해 질 거야라라라라라라라라라라라라라라라라라라스파라밥 스파라밥 스파라밥스파라밥 스파라밥 스파파라스파라밥 스파라밥 스파라밥스파라밥 스파라밥 스파쇼꼬라 캬라멜은너보다도 달콤하지만너만 필요해나른한 날엔 더욱 생각이 드는그런 나의 위로이니까나의 위로이니까햇살 가득 몸에 받아 손을 뻗으면하늘위로 나는 느낌도 들테지네가 이런 내 곁에서입 맞추면 더 좋을 거야머리 속 하얗게 지워져도 난좋을 거야그냥 밤을 세울 수도 있을 거야볼그라진 네 뺨 아름다워나와 행복해 질 거야우린 맺어질 수 밖에 없는 거야처음부터 우린 하나니까나와 행복해 질 거야나와 커피한잔 어때,0
What's wrong with the world mamaPeople livin' like they ain't got no mamasI think the whole world addicted to the dramaOnly attracted to things that'll bring you traumaOverseas yeah we try to stop terrorismBut we still got terrorists here livin'In the USA the big CIAThe Bloods and The Crips and the KKKBut if you only have love for your own raceThen you only leave space to discriminateAnd to discriminate only generates hateAnd when you hate then you're bound to get irate yeahMadness is what you demonstrateAnd that's exactly how anger works and operatesMan you gotta have love just to set it straightTake control of your mind and meditateLet your soul gravitate to the love y'all y'allPeople killing people dying Children hurt and you hear them cryin Can you practice what you preach And would you turn the other cheek Father Father Father help us Send us some guidance from above 'Cause people got me got me questionin Where is the love Where is the love Where is the love Where is the love The love the love It just ain't the same always unchanged New days are strange is the world insane If love and peace is so strong Why are there pieces of love that don't belong Nations droppin bombs Chemical gasses fillin lungs of little ones With the ongoin sufferin as the youth die young So ask yourself is the lovin really gone So I could ask myself really what is goin wrong In this world that we livin in people keep on givin in Makin wrong decisions only visions of them dividends Not respectin each other deny thy brother A war is goin on but the reasons undercover The truth is kept secret it's swept under the rug If you never know truth then you never know love Wheres the love yall come on I don't know Wheres the truth yall come on I don't know Wheres the love yall People killin people dyin Children hurt and you hear them cryin Can you practice what you preach And would you turn the other cheek Father Father Father help us Send us some guidance from above 'Cause people got me got me questionin Where is the love Where is the love Where is the love Where is the love Where is the love Where is the love Where is the love Where is the love The love the love I feel the weight of the world on my shoulder As I'm gettin older yall people gets colder Most of us only care about money makin Selfishness got us followin our own direction Wrong information always shown by the media Negative images is the main criteria Infecting the young minds faster than bacteria Kids wanna act like what they see in the cinema whatever happened to the values of humanity Whatever happened to the fairness in equality Instead in spreading love we spreading animosity Lack of understanding leading lives away from unity Thats the reason why sometimes Im feelin under Thats the reason why sometimes I'm feelin down Theres no wonder why sometimes I'm feelin under Gotta keep my faith alive til love is found Where is the love Where is the love Where is the love Where is the love Father Father Father help us Send us some guidance from above 'Cause people got me got me questionin Where is the love Sing with me y'allOne world one world We only gotOne world one world That's all we gotOne world one worldAnd something's wrong with it YeahSomething's wrong with it YeahSomething's wrong with the wo wo world yeahWe only gotOne world one worldThat's all we gotOne world one world,0
"I’ll Be ThereYep I'll Be There Yep I'll Be There Oh Oh Yep I'll Be ThereOh Oh Yep I'll Be ThereHey Boy, Turn Up The Speakers,  괜찮다고 말하지만 넌 항상 아니라 말하지만  Huh, Let's Go 니 얼굴에 다 써있어,  Don't Lie To Me 너 바보같이 숨기지 좀 마 약한 모습도 약한 약한 모습도 가끔은 괜찮아 대신 포기는  No You Belive  Belive Me  Feelin'  On The Beat 지나간 일들은 다 잊고 Skip 어깨를 쭉 펴고 Look Up In The Sky 한숨은 쉬지마 나와 Let It Fly 이젠 믿어봐 날 믿어봐 Right Now! I'll Be There 내가 있을게 옆에 있을게 Oh  누구보다 힘이 되줄게 I'll Be There 언제까지나 함께 할게 우리 지금처럼 영원히 I'll Be There Oh Oh Yep I'll Be There Oh Oh Yep I'll Be There Hey Get Louder, One More Time 센척할 필요 없는데 여린 네 맘 다 알고 있는데  Yes, I Know 기다리며 애써 봤어 Tell It To My Heart 너 힘이 들면 내게 말해봐 Don't Worry Worry Don't Worry Worry Worry 걱정은 멀리멀리  뒤로한 채로 거릴 둬 You Belive Belive Me Feelin' On The Beat 힘들었던 기억 다 모두 Skip 어깨를 쭉 펴고 Look Up In The Sky 한숨은 쉬지마 나와 Let It Fly 이젠 믿어봐 날 믿어봐 Right Now! I'll Be There 내가 있을게 옆에 있을게 Oh  누구보다 힘이 되줄게 I'll Be There 언제까지나 함께 할게 우리 지금처럼 영원히 I'll Be There I'll Be There 내가 있을게 옆에 있을게 Oh  누구보다 힘이 되줄게 I'll Be There 언제까지나 함께 할게 우리 지금처럼 영원히 I'll Be There I'll Be ThereI'll Be ThereOh Oh Yep I'll Be ThereOh Oh Yep I'll Be There",0
New way always betterGone GoneLove is GoneGone GoneLove is Gone우린 너무 철없이거품처럼 들떴지서로를 겉핥기 식으로공부하면서요점을 다 놓쳤지우린 소속감 따윈 못느끼면서빠른 속도감을 즐기면서감정을 다 허비해약간의 허탈함도 느끼면서그래도 그게 너무 좋았나봐그런 가벼움이 참 좋았나봐열정이 너무 사나워냉정한 감각이 쫄았나봐우리 감정이 낮잠처럼 나른해질 때 쯤난 알았어 깨달았어사랑이 떠나갔다는 걸사랑은 그렇게 순간의 전기처럼찾아와 머물고사라져 먼지처럼우린 너무 쉽게다 태워버렸나봐I miss you우린 연기처럼 흩어지네Is goneIs goneIs goneIs goneIs goneYeahIs goneLove is goneIs goneIs goneIs goneIs goneIs goneIs goneIs goneLove is gone사랑은 우릴 스치고 가버렸지열정은 빨리도 타버렸지우린 이별하는 그 순간조차참을 수 없이 가벼웠지다 지난 혼자서 잠드는게무서웠었나봐아님 텅 빈 내 방에서혼자 눈 뜨는게두려웠었나봐조금 부끄러웠었나봐벌거벗은 내 영혼을 보여주는게참 우습기도 해서로의 몸은스스럼 없이 보여주는데홀로 지새우는 밤좁은 내 방구석이끝 없는 사막같이 느껴져또 하나의 사랑이 휴지통으로몇 장의 사진들과 함께 구겨져사랑은 그렇게 순간의 전기처럼찾아와 머물고 사라져 먼지처럼우린 너무 쉽게다 태워버렸나봐I miss you우린 연기처럼 흩어지네Is goneIs goneIs goneIs goneIs goneYeahIs goneLove is goneIs goneIs goneIs goneIs goneIs goneIs goneIs goneLove is gone뜬금없이 생각나겠지술잔을 내 입술에 기댈 때면보일 듯하다 흩어지는취한 듯이 아련한 기억들늦은 밤 술에 잔뜩 취해이불 속을 뒤척거려치워버린 니 번호혹시나해서 전화기를 뒤적거려사랑 조차 new ways alway인줄 알았어But the Love is gone 내겐 미련만이 남았어사랑은 그렇게 순간의 전기처럼찾아와 머물고사라져 먼지처럼우린 너무 쉽게다 태워버렸나봐I miss you우린 연기처럼 흩어지네Is goneIs goneYeahIs goneIs goneIs gone,0
엄마야 어떡하면 그녈 다시돌아오게 할 수 있는지내게 가르쳐줘 제발그녀 없는 세상이 너무 두려워드디어 내게도 운명 같은사랑이 찾아온거라고매일을 얼마나 들떴었는지아무도 모를꺼야태어나 맨 처음 기도했어이번엔 이별이지 않게영원한 사랑을 지킬수 있게한번만 도와주길하지만 그댄 떠나려 해또 다른 사랑을 찾아내가 무슨 잘못했는지알지도 못하는데엄마야 이번만은 내 뜻대로너만은 보낼수가 없어제발 믿게해줘 내게이 세상에 사랑이 있다는것을엄마야 이번만은 잊지 못해다시는 사랑 못할꺼야나의 모든것을 걸어처음으로 정말 난 사랑을 했어태어나 맨 처음 기도했어이번엔 이별이지 않게영원한 사랑을 지킬수 있게한번만 도와주길하지만 그댄 떠나려 해또 다른 사랑을 찾아내가 무슨 잘못했는지알지도 못하는데엄마야 이번만은 내 뜻대로너만은 보낼수가 없어제발 믿게해줘 내게이 세상에 사랑이 있다는것을엄마야 이번만은 잊지 못해다시는 사랑 못할꺼야나의 모든것을 걸어처음으로 정말 난 사랑을 했어제발 떠나가지마그대 없는 난 내가 아냐돌아와줘 제발 내곁으로엄마야 이번만은 내 뜻대로너만은 보낼수가 없어제발 믿게해줘 내게이 세상에 사랑이 있다는 것을엄마야 이번만은 잊지 못해다시는 사랑 못할꺼야나의 모든것을 걸어처음으로 정말 난 사랑을 했어,0
어떤 사람을 만나는 거니 물을 때좋은 사람을 만나게 된 거지 대답 해자랑하고픈 다 말을 하고픈 기분에친구들을 모아몇 시간을 떠들기만 해내 사랑은 너 그래 바로 너Oh baby baby lu lu luvOh baby baby lu lu luv눈을 감아도 느껴지는 너Oh baby baby lu lu luvOh baby baby lu lu luv하루에도 열 두 번보고 싶다고 하며내 전화기를 바쁘게 하는 너나를 사랑해 줘서 Thank U내가 너보다내가 너보다사랑해 사랑해바보 같아도유치해 보여도행복해 행복해전부 주고픈 다 해주고 싶은 마음에적어 놓은 것들언제 다 해주나 걱정 돼내 사랑은 너 그래 바로 너Oh baby baby lu lu luvOh baby baby lu lu luv눈을 감아도 느껴지는 너Oh baby baby lu lu luvOh baby baby lu lu luv하루에도 열 두 번보고 싶다고 하며내 전화기를 바쁘게 하는 너나를 사랑해 줘서 Thank U내 왼 쪽에내 오른 쪽에영원히 두고 싶은 건 너야I need UI need UI want UI want U언제까지나 In ma heart내 사랑은 너 그래 바로 너Oh baby baby lu lu luvOh baby baby lu lu luv눈을 감아도 느껴지는 너Oh baby baby lu lu luvOh baby baby lu lu luv사랑 할 땐 반드시꼭 필요한 레시피유통 기한이 안 적힌 내 진실사랑이란 특별한 요리,0
언젠가 그대와 둘이서어딘가 남쪽 끝섬에서쨍쨍한 태양에 불타고시원한 바람에 춤추고야자나무 그늘 밑에서뽀뽀하고 싶소소나기가 지나갔으면무지개색 칵테일 건배달콤한 그 향에 취하고라디오 소리에 숨쉬고그대 허벅지에 엎드려낮잠자고 싶소얼음장수 아저씨 안녕핑크색 구름 빙글빙글빛나는 향기의 그대와예쁜 포즈로 사진 한컷시계가 멈춘 낙원에서눈을 감고 싶소네온사인들 눈이 부셔별빛은 보이지도 않네도대체 당신 어디서 꿈꾸나요난 빌딩숲 속 허수아비언젠가 그대와 둘이서어딘가 남쪽 끝섬에서쨍쨍한 태양에 불타고시원한 바람에 춤추고야자나무 그늘 밑에서뽀뽀하고 싶소,0
상쾌한 기분이죠 하늘이 참 좋아요 오늘은 바람 내음도 향기롭네요무슨 좋은 일이라도 생길 것 같은 오랜만에 기분 좋은 날이죠매일 같은 자리에 그 사람이 있네요 오늘따라 자꾸 나를 바라보네요마치 무슨 주문이라도 외운 것처럼 그 사람이 나를 향해 오네요거 봐요 내가 그랬잖아요 오늘은 기분 좋은 일들만 생길 거라고어쩐지 햇살 조차 눈부신 사랑하기 정말 좋은 날이죠You are my love the one I’m thinking ofYour kisses in your hugs mean everything to me baby유난히 바람조차 달콤한 참 사랑하기 좋은 날이죠그 사람이 웃네요 나를 보고 웃네요 이렇게 환한 미소도 오랜 만이죠그 동안 상상했었던 그 많은 일들이마법처럼 내게 일어 나네요거 봐요 내가 그랬잖아요 오늘은 기분 좋은 일들만 생길 거라고어쩐지 햇살 조차 눈부신 사랑하기 정말 좋은 날이죠You are my love the one I’m thinking ofYour kisses in your hugs mean everything to me baby유난히 바람조차 달콤한 참 사랑하기 좋은 날이죠걸렸나봐요 행복 바이러스에 모든것이 예쁘게만 보이죠아직도 망설이고 있나요 지금 그대 손을 내밀어 봐요거 봐요 내가 그랬잖아요 오늘은 기분 좋은 일들만 생길 거라고뭐든지 상상 하기만 하면 다 이뤄질 수 있는 그런 날이죠 You are my love the one I’m thinking ofYour kisses in your hugs mean everything to me baby믿어요 어느 날 눈을 뜨면 다 예쁘게만 보일 거예요그 날이 사랑하기 좋은 날이죠,0
이슬비가 내리는 오늘은 사랑하는 그대의 생일 날 온종일 난 그대를 생각하면서 무엇을 할까 고민했죠 난 가까운 책방에 들러서 예쁜 시집에 내 맘 담았죠 그 다음엔 근처 꽃집으로 가서 빨간 장미 한송일 샀죠 내려오는 비를 맞으며 그대에게 가는 길 너무 상쾌해 품 속에는 장미 한 송이 책 한 권과 그댈 위한 깊은 내 사랑 아름다운 그대를 만난 건 하느님께 감사드릴 우연 작은 내 맘 알아주는 그대가 있기에 이 세상이 난 행복해 (나나나나 나나나나나-)난 가까운 책방에 들러서 예쁜 시집에 내 맘 담았죠 그 다음엔 근처 꽃집으로 가서 빨간 장미 한 송일 샀죠 내려오는 비를 맞으며 그대에게 가는 길 너무 상쾌해 품 속에는 장미 한 송이 책 한 권과 그댈 위한 깊은 내 사랑 아름다운 그대를 만난 건 하느님께 감사드릴 우연 작은 내 맘 알아주는 그대가 있기에 이 세상이 난 행복해 너무 너무나 행복해 Happy Birthday To.. -,0
정말 좋아해너무 달지 않은 라떼비 갠 거리로 가볍게 나서는 산책몇 번이나 본 로맨틱 코메디 또 보기정말 좋아해차가운 녹차맛 아이스크림문득 떠나는 하루짜리 짧은 여행햇살 좋은 날 무심코 들어선 미술관그리고 너의 곁어떻게 지낼까정신없이 살다가도거짓말처럼 막 보고싶고 그래너의 곁에선하루가 참 짧았었는데기억하니언제나 둘이던그리운 시간들돌아가고 싶은 한 때떠올리다 보면 어느새 웃곤 해좋은 일들만너의 옆에 가득하기를 바랄게여전히 널 좋아해여전히 널 좋아해여전히 널 좋아해여전히 널 좋아해정말 미안해너를 지켜주지 못해끝까지 널 사랑해주지도 못해참 미안해내 맘 나도 모르겠어이제 끝난건데대체 왜 아직도 내 가슴이 안에 너가 가득한데하지만 난 다시 돌아가는 것은 안돼널 피하네그게 진심은 아닌데 널 피하네미안해 그래 나 아직 너를 좋아해어떻게 지낼까정신없이 살다가도거짓말처럼 막 보고싶고 그래너의 곁에선하루가 참 짧았었는데기억하니언제나 둘이던그리운 시간들돌아가고 싶은 한 때떠올리다 보면 어느새 웃곤 해좋은 일들만너의 옆에 가득하기를 바랄게여전히 널 좋아해한참이 지나도변하지 않는 것이 있나봐함께한 시간들이 자꾸 생각나니가 알던 나는여전히 여기 있나봐너의 목소리 날 흔들어 놓나봐자꾸만 코 끝이 찡해 오네너를 기다리나봐난 기다리나봐어떻게 지낼까정신없이 살다가도거짓말처럼 막 보고싶고 그래너의 곁에선하루가 참 짧았었는데기억하니언제나 둘이던그리운 시간들돌아가고 싶은 한 때떠올리다 보면 어느새 웃곤 해좋은 일들만너의 옆에 가득하기를 바랄게여전히 널 좋아해,0
오늘도 슬쩍슬쩍바라만 보고있네벌써 몇번째인지 몰라사랑에 빠진 것 같아사랑에 빠져 버렸어이번엔 다른 것 같아다른 것 같아정말 다른 것 같아진지해요놀리면 안 돼요두근거리는 가슴 때문에난 진지해요사랑에 빠진 나딸기야날 웃음 질 수 있게 해줘요조금씩 살금살금주문을 걸고있네날 돌아볼 지도 몰라상상만으로는 안돼상상은 안 돼 그건 안 돼오늘은 말해볼 거야말해볼 거야진짜 고백할 거야진지해요놀라지 말아요내 빨개지는 내 볼 때문에진지해요사랑에 빠진 나딸기야날 웃음 질 수 있게 해줘요난 진지해요사랑에 빠진 나딸기야날 웃음 질 수 있게 해 줘요,0
U're my super super super starU're my super super super star내 방 가득 채우며환희 웃던 맷데이먼그의 신작 영화도뉴스거리 아니지첨엔 잘 몰랐었던너의 환한 미소가이미 나의 마음 속을온통 사로잡은 걸U're my super super super star나를 비춰 주는 걸U're my shooting shootingshooting star내가 쏘아 올린 별 중가장 빛나는 별U're ma shining starAmazing 내 마음 속의 별듣기 조차 싫었던시끄러운 너바나이젠 나도 모르게자꾸 흥얼거려져첨엔 많이 달랐던너와 나의 취향들이젠 늘 함께 해도마냥 즐겁기만 해U're my super super super star나를 비춰 주는 걸U're my shooting shootingshooting star내가 쏘아 올린 별 중가장 빛나는 별U're shining starDreaming 꿈꿔오던 별Super super super super starU're my super super super star나를 비춰주는 걸U're my shooting shootingshooting star내가 쏘아 올린 별 중가장 빛나는 별Amazing 내 마음 속의 별,0
Come with me My darlingCome with me Please babyCome with me My darlingCome with me Please baby그대 내 곁에 없을 때면숨쉬는 호흡 소리까지다 생각나두 눈을 감고 열을 세면어둠 속에서 불꽃처럼너 떠올라My baby take my hand나와 깍지 껴요My baby take my hand도망가지 마요Come with me My darlingCome with me Please babyCome with me My darlingCome with me Please baby작은 손잡고 걸을 때면놀이 동산에 기뻐서들뜬 애 같아그대와 짧은 밤을 새면뜨는 태양을 피해서 달아나고파My baby take my hand나와 깍지 껴요My baby take my hand제발 도망가지 마요Come with me My darlingCome with me Please babyCome with me My darlingCome with me Please baby시간의 흐름 속에서열정은 녹 슬겠죠그래도 우리 사랑은 빛나고아름다울 거에요그대 내게 던지는 미소이성과 본능의 끝없는 시소니가 딴 남자에관심 가질 때면난 화가나 내입에선 삐 소리으음 I'm sorry 도망가지마Don't walk away from me내가 살게 두 잔의 진 토닉짠해 위하여우리의 플라토닉 Love너 오늘따라 예뻐난 너만 보면웃음이 좀 헤퍼 져매끈한 몸매 내 눈에 밥 주네난 널 가졌으니 이미 갑부네넌 느낌 좋아 눈이 참 고와넌 나의 아이돌 스타You better than boa심장에 불이 붙어 이성은 코마상태 지금 몇 초만 키스해보아Come with me My darlingCome with me Please babyCome with me My darlingCome with me Please baby,0
괜히 눈뜨면 오늘도그대 나에게 남겨둔그 흔적들 뚜룻뚜잠에 취한내 귓가에 들리는그대의 노랫소리졸린 두눈을 비비면어느새 내게 다가온그대향기 뚜룻뚜같은 아침같은 하늘 아래서여전한 얼굴로 Hey너와 함께 들려 온 세상의모든 소리가 내게 남아이렇게 벅차게 빛나는사랑 이었음을 알죠아직 게으른 열두시왠지 때늦게 비치는오후 햇살 뚜룻뚜달콤하게 내 귓가에흐르던 그날의 속삭임 Hey너와 함께 들려 온 세상의모든 소리가 내게 남아이렇게 벅차게 빛나는사랑 이었음을 이젠기억하지 않을먼 발자욱 이라도타는 노을 메아리 처럼내 노래가 널 부르네 oh너와 함께 들려 온 세상의모든 소리가 내게 남아이렇게 벅차게 빛나는사랑 이었음을 알죠랄라 라라 랄라 라 라랄라라 라 라랄라 랄라 랄라랄랄라 랄랄라 랄랄라랄라랄 랄랄랄 라랄라 라라 랄라 라 라랄라라 라 라랄라 랄라 랄라랄랄라 랄랄라 랄랄라랄라랄 랄랄라,0
Sunday 싱그런 햇살이 yeah창 넘어 테이블위로 따뜻이 내려앉아오늘 너무도 기다린 약속인걸요lovely 향긋한 커피와 yeah부드런 아침 담아너만을 위해 oh baby낯익은 melody에 안 하던 콧노래가내 마음 가볍게사랑에 빠진것만 같아요즐거워 내 맘은 짜릿하죠그대 웃음과 그 장난들 떠올릴 때면나는 외롭지 않아이런 내 기분을 노래하죠 나이런 내 노래가 들리나요동화 속 주인공처럼그게 나인 것처럼행복을 노래하죠 everydaySunday 귀에 익은 발소리 yeah느낌만으로도그대 알 수 있는걸 이런내 맘 그대도 알고 있는지 궁금해lovely 날 향한 눈웃음 yeah오늘도 청바지에 하얀 운동화 oh baby내 가슴 뛰게 하는얼굴은 아닌데 왜자꾸 웃음이 나사랑에 빠진것만 같아요즐거워 내 맘은 짜릿하죠그대 웃음과 그 장난들 떠올릴 때면나는 외롭지 않아이런 내 기분을 노래하죠 나이런 내 노래가 들리나요동화 속 주인공처럼그게 나인 것 처럼행복을 노래하죠한 평생 마주할 맛있는 매일 아침따뜻하게 해줄게요 그대만을 위해서내 맘은 짜릿하죠그대 웃음과 그 장난들 떠올릴 때면나는 외롭지 않아이런 내 기분을 노래하죠 나이런 내 노래가 들리나요동화 속 주인공처럼그게 나인 것처럼행복을 노래하죠 everyday,0
설레는 바람결에 가벼운 발걸음너무 기분 좋아 yeah한껏 멋을 내고서 거릴 거닐어어때 참 근사하잖니잘봐 지금 뿐이야나를 바라봐봐Tell me that you want meOh please me 내게로 와아무 생각하지 말고느끼는 그대로Please please me oh yeah왜 머뭇거리니 가까이 다가 와봐니 맘을 보여줘Please please me oh yeah하얀 셔츠를 입고 환히 웃는 널 보면너무 기분 좋아 yeah조금은 어색해도 그건 문제가 안돼자꾸 눈이 가는 걸잘봐 널 향한 맘을 모두 보여줄게Tell me that you want meOh please me 내게로 와아무 생각하지 말고느끼는 그대로Please please me oh yeah왜 머뭇거리니 가까이 다가와봐니 맘을 보여줘Please please me oh yeahPlease me love me oh pleaseplease mePlease me love me oh pleaseplease meOh please me 내게로 와아무 생각하지 말고느끼는 그대로Please please me oh yeah왜 머뭇거리니 가까이 다가 와봐니 맘을 보여줘Please please me oh yeahplease me 내게로 와아무 생각하지 말고느끼는 그대로Please please me oh yeahplease me 내게로 와아무 생각하지 말고느끼는 그대로Please please me oh yeah왜 머뭇거리니 가까이 다가 와봐니 맘을 보여줘Please please me oh yeahplease me 내게로 와아무 생각하지 말고느끼는 그대로Please please me oh yeah왜 머뭇거리니 가까이 다가 와봐니 맘을 보여줘Please please me oh yeah,0
눈부신 눈부신 햇살을 닮았죠. 내 맘에 찾아온 나만의 그대는 그래요.. 그댈 생각하면 언제나 힘든 하룬 행복으로 느껴지니까...... How much I love you I love you I love you 내 맘이 보이질 않나요. 이제는 내게 기대봐요. 그대가 쉴 그늘이 되줄게요. My love please tell me My love please don't go my love 내 삶의 마지막까지 그댈 사랑할게요... My love please tell me My love please don't go my love 그대의 환한 미소로 내게 대답해줘 Oh my love - 간 주 중 -How much I love you I love you I love you 내 맘이 보이질 않나요. 이제는 내게 기대봐요. 그대가 쉴 그늘이 되줄게요. My love please tell me My love please don't go my love 내 삶의 마지막까지 그댈 사랑할게요... My love please tell me My love please don't go my love 그대의 환한 미소로 내게 대답해줘 My love please tell me My love please don't go my love 무엇도 두렵지 않아.. 그대만 있다면 My love please tell me My love please don't go my love 그대의 환한 미소로 내 사랑을 받아줘.. My love,0
좋을텐데 너의 손 꼭 잡고 그냥 이 길을 걸었으면 내겐 너뿐인 걸 니가 알았으면 좋을텐데 우 얼마 전 만난 남자 얘기 오늘만 해도 벌써 몇 번째니 그에게 전화가 또 왔었다며 조금은 얼굴을 붉히는 너 집에 돌아오는 길은 포근한 달빛마저 슬퍼 보여 마음이 아파 나를 위로해줄 니가 있다면 좋을텐데 너의 손 꼭 잡고 그냥 이 길을 걸었으면 내겐 너뿐인 걸 니가 알았으면 좋을텐데 괜찮은 사람인지 아닌지 한번 본 적도 없는 내가 알아 그에게 선물을 또 받았다며 유난히 행복해 보이는 너 집에 돌아오는 길은 포근한 달빛마저 슬퍼 보여 마음이 아파 나를 위로해줄 니가 있다면 좋을텐데 나 아닌 사람 얘기에 때론 화도 내어 봤으면 그저 너의 곁에 내가 있었으면 좋을텐데 모르겠니 애써 지켜온 우정마저 놓칠 것만 같아 기다리던 또 망설이던 그런 나 이젠 이젠 좋을텐데 너의 손 꼭 잡고 그냥 이 길을 걸었으면 내겐 너뿐인 걸 니가 알았으면 좋을텐데 나 아닌 사람 얘기에 때론 화도 내어봤으면 그저 너의 곁에 내가 있었으면 좋을텐데 너의 손 꼭 잡고 그냥 이 길을 걸었으면 너뿐인 걸 니가 알았으면 좋을텐데 나 아닌 사람 얘기에 때론화도 내어봤으면,0
나 내가 왜 이러죠정말 이상하죠그대가 없인하루가 너무 길어요날 사랑한 사람은많이 있었지만언제나 내겐귀찮은 일이었는데사랑을 받는것만익숙했던 나그대 내게 뭘했길래내가 달라질까나조차 궁금하지만난 사랑에 빠졌죠나밖에 모르던그 못된 내가나보다 그댈 생각해요한사람에게만이렇게 하려고그랬나봐요아껴둔 내 맘을받아요나 어제는 말예요관심도 없었던남자 옷들을고르는 날 발견했죠꼭 배우지 않아도사랑은 이렇게날 바꾸네요그대만 생각하게사랑을 받는것만익숙했던 나이젠 모두 주고 싶어그대에게만은그대도 나와 같나요난 사랑에 빠졌죠나밖에 모르던그 못된 내가 나보다그댈 생각해요한 사람에게만이렇게 하려고그랬나봐요아껴둔 내 맘을받아요이별이나 말은 없겠죠oh baby나에겐 첫사랑인데혹시 이 사랑이 깨지면이젠 나는 다시는 사랑을못하게 될지도난 몰라요 난 난사랑에 빠졌죠 사랑에 사랑에 나밖에 모르던 그러던 내가그 못된 내가나보다 그댈 생각해요그래요그대에게만 그대에게만 이러려고 그랬나요 오아껴둔 내 맘을 받아요난 사랑에 빠졌죠나밖에 모르던 나보다 그댈 생각해요,0
uh 나를봐 나를봐 나를봐 날 바라봐 바라봐 바라봐 너를 본 내 마음속에 사랑이 내 본능이 고백 빨리 하라 해 네 주위를 둘러싼 수많은 경쟁자 Yes I'm a soldier for you sweet멘트 장전 발사하기 전에 제군들 입 풀었나 yes 완전 간장콩장콩장장 equals  간 콩장장 Yeah I'm ready 아침이 깨는 소리 Morning  바람들은 makes harmony 저물어가는 달빛은 let it go uh 여물어가는 romance  꿈꾸고 good night Hey baby it's comin' new day 새로운 느낌이야 이건 Hey 왜 이래 It's common lovesick 아무래도 이거는 이거는 It must be L O V E 200 percent sure of that I want you really I mean really정말이야 널 좋아하는데 빨갛게 익은  내 얼굴이 그걸 증명해 나를 봐 나를 봐 나를 봐 날 바라봐 바라봐 바라봐  난 strawberry처럼  very very 상큼한 사람  don't worry worry 어리바리한 그대  주위 사람들은 모두 다 이기주의 밤낮을 걸으며 널 지켜줄 나와 달리 그들은  차 키를 과시하지만  BAD GUY 자다가 일어나 잠꼬대로도 널 찾네  아침이 깨는 소리 Morning 바람들은 makes harmony 저물어가는 달빛은  let it go  여물어가는 romance 꿈꾸고 Hello 어디 가는 거니  where you I'll be there 네가 있는 그 거리  that way 아직 우리 사이 서먹해도 그래도 try는 해봐야지 나라도 It must be L O V E 200 percent sure of that I want you really I mean really정말이야 널 좋아하는데 빨갛게 익은 내 얼굴이 그걸 증명해 처음이야 이런 기분 멈추질 못하겠어 막 넘쳐 누가 잠가놓은 듯 내 입은 네 앞에서 오물쪼물 안 열려 내 부름에 뒤를 돌아보는  네 두 눈을 보니 I said see you tomorrow Oh baby it can't be over like this someone help me  내 맘을 전할 수 있다면 사실은 나 널 oh please 좋아하는데 I'm sure 모든 걸 담은 이 눈빛이 그걸 증명해 It must be L O V E 200 percent sure of that I want you really I mean really정말이야 널 좋아하는데 빨갛게 익은 내 얼굴이 그걸 증명해 It must be L O V E,0
온종일 정신없이 바쁘다가도 틈만나면 니가 생각나 언제부터 내 안에 살았니 참 많이 웃게돼 너 때문에 어느새 너의 모든 것들이 편해지나봐 부드러운 미소도 나지막한 목소리도 you 아직은 얘기 할 수 없지만 난 있잖아 니가 정말 좋아 사랑이란 말하긴 어설플지 몰라도 아주 솔직히 그냥 니가 참 좋아 친구들속에 너와 함께일때면 조심스레 행복해지고 어쩌다가 니옆에 앉으면 세상을 다 가진 기분이 드는걸 우연히 눈만 마주쳐도 괜스레 발끝만 보게되고 조금씩 내 마음이 너에게 가고 있는걸 이 세상에 두사람 너랑 나만 몰랐나봐 you 얼마나 잘 할지는 몰라도 난 니곁에 서고 싶어 정말 하루하루 점점 더 커져가는 이 느낌 다른날 보다 그냥 니가 참 좋아 손잡을 때는 어떨까 우리둘이 입맞춘다면 you 아직은 얘기할수 없지만 난있잖아 니가 정말 좋아 사랑이란 말하긴 어설플지 몰라도 아주 솔직히 그냥 니가 참 좋아,0
언제나 거침없던 내가 조금씩눈치를 보고 있어겉으론 관심 없는 척 차가운 도시의 남자인 척애써 외면하고 낯설은 말투로 널 만나왔어영화가 아니잖아 그 드라마의 그 남자가 아니잖아이제 더 이상 내 맘과 다르게 널 대할 순 없어네가 좋아 솔직한 내 맘 들어봐 줄래우리 연애할까나 오랫동안 솔로여서 연애가 서툴지 모르지만네 전 남자친구보다 네가 만난모든 남자보다 가장 널 사랑할게우리 연애할까내가 머뭇거리는 동안 너에게쏟아지는 다른 남자들의관심 가득한 눈빛 친절한 태도난 정말 미치겠어애써 외면할까 생각도 했지만 no그럴 순 없어남자가 아니잖아 이렇게 허무하게 돌아선다면이제 더 이상 내 맘과 다르게 널 대할 순 없어네가 좋아 솔직한 내 맘 들어봐 줄래우리 연애할까나 오랫동안 솔로여서 연애가 서툴지 모르지만네 전 남자친구보다 네가 만난 모든 남자보다가장 널 사랑할게우리 연애할까우리 연애할까나 오랫동안 솔로여서 연애가 서툴지 모르지만네 전 남자친구보다 네가 만난 모든 남자보다가장 널 사랑할게우리 키스할까I love you 이런 달콤한 말매일 해주고 싶은데 나 용기 있는 남자 되어꼭 너를 가지고 싶은데 내 곁에 있어줄래시간이 없거나 내 눈이높아진 것만은 아닌 거 같아오랫동안 홀로 누군지도 모를 한 여자의 포로가 되어 나를기다려 왔어 지금 그게 너라고 말하고 있어아까 했던 얘기 한 번 더 해도 될까우리 키스할까I love you 이런 달콤한 말매일 해주고 싶은데 나 용기 있는 남자 되어꼭 너를 가지고 싶은데 내 곁에 있어줄래우리 연애할까,0
안녕하세요 처음 뵙겠습니다생각보다 너무 예쁘세요말씀 많이 들었어요좋은 사람 요즘 찾는다고반가워요 처음 뵙겠습니다생각보다 너무 멋지네요저도 얘기 들었어요외로움 타신다고괜찮은 인연이 될 것 같아이 느낌 그대도 느끼나요뱃속 가득 나비가 날아든짜릿한 이 기분을우리 내일도 모레도 만나봐요조금 더 많이 더 그댈 알고 싶죠궁금하고 너무 들뜨네요아마도 나 그대가 좋아질 듯숙면했나요 좋은 꿈 꿨나요마침 오늘 별일 없는 참에커피 한잔 살까 해요시간되면 우리 만날까요잘 잤어요 날씨 참 좋네요저도 오늘 딱히 별일 없어무얼 할까 고민했죠지금 당장 만나요괜찮은 인연이 될 것 같아이 느낌 그대도 느끼나요뱃 속 가득 나비가 날아든짜릿한 이 기분을우리 내일도 모레도 만나봐요조금 더 많이 더 그댈 알고 싶죠궁금하고 너무 들뜨네요아마도 나 그대가 좋아 질 듯You and me togetherYou and me togetherOh baby baby나 어쩌면 그댈 만나기위해그 동안에 아픈 사랑을연습처럼 해 온 것 같아너무 고마워요우리는 너무나 잘 맞아요이 느낌 그대도 느끼겠죠이 세상이 우리 둘을 위한공원과 같은 기분부디 천천히 천천히 알아가요애태워 애태워 매일 처음처럼처음 만나는 사람인 것처럼언제나 설레이게 노력해요,0
"느낌이 오잖아 떨리고 있잖아언제까지 눈치만 볼 거니네 맘을 말해봐 딴청 피우지 말란 말이야네 맘 가는 그대로 지금 내 손을 잡아어서 내 손을 잡아우연히 고개를 돌릴 때 마다눈이 마주치는 건며칠 밤 내내 꿈속에 나타나밤새 나를 괴롭히는 건그 많은 빈자리 중에서 하필내 옆자릴 고르는 건나도 모르게 어느새 실없는 웃음흘리고 있다는 건그럼 말 다했지 뭐우리 얘기 좀 할까느낌이 오잖아 떨리고 있잖아언제까지 눈치만 볼 거니네 맘을 말해봐 딴청 피우지 말란 말이야네 맘 가는 그대로 지금 내 손을 잡아핸드폰 진동에 심장이 덜컥내려 앉는다는 건오 나도 모르게 어느새 짓궂은 네 말투자꾸 듣고 싶은걸어떡해저기 멀리 걸어온다눈이 마주친다언제까지 넌 모른척 할거니사랑이 온거야 너와 나 말이야네가 좋아 정말 못 견딜 만큼그거면 된거야 더는 생각하지 말란 말이야네 맘 가는 그대로느낌이 오잖아 떨리고 있잖아언제까지 눈치만 볼 거니네 맘을 말해봐 딴청 피우지 말란 말이야네 맘 가는 그대로 지금 내 손을 잡아그냥 내 손을 잡아지금 내 손을 잡아",0
You're cute So sweet  언제나 입가에만 맴돌던 말 저만치 걸어가는 뒷모습  볼 때면 너도 나처럼 마음이  아프니 궁금해 Butterfly 자 이제 알았어  왜 늘 아쉬워하고 때론  미워했는지를 널 사랑했던 거야 더 이상  감출 수 없어 그 말을  전해줘 Butterfly 까만 그 밤 쏟아지던  불꽃놀이 그 아래 너의 반짝이던  눈을 잊지 못해 좀더 어른이었다면  입맞춤 할 텐데 Butterfly 우릴 데려가 줘  그 앨 처음 봤던 그 순간  같은 그 자리에 서로 눈 마주쳤던 그 순간  빠져버렸지 이 말을 전해줘 Butterfly 마음이 고장 나 버렸으면  생각이 멈춰버렸으면 해 어째서 널 생각하면  이렇게 눈물이 날까 Butterfly 이제 깨달았어  왜 늘 아쉬워하고 때론 미워했는지를 널 사랑했던 거야 더 이상  감출 수 없어  그 말을 전해줘  Butterfly 우릴 데려가 줘그 앨 처음 봤던 그 순간같은 그 자리에서로 눈 마주쳤던 그 순간 빠져버렸지 이 말을 전해줘Butterfly ButterflyButterfly Butterfly,0
외로운 사람들의 마음을 열어줄꺼야메마른 가슴속을 적셔줄 멜로디슬픔의 기억들에 기쁨을 채워줄꺼야넘치는 음악속의 리듬을바람이 살짝 잠을 깨운 꽃잎에좋아해 이말 한마디를 담아서어젯밤 꼬박세운 나의 노래에사랑의 마법을 걸어보네난 꿈꿔왔던 소망과 꼭 간직해온 사랑을모두가 느낄수 있도록내 마음을 담아 노래할 거야너를 위한 노래를 예외로운 사람들의 마음을 열어 줄꺼야메마른 가슴속을 적셔줄 멜로디슬픔의 기억들에 기쁨을 채워줄꺼야넘치는 음악속의 리듬을자꾸만 두근 설레이는 가슴에좋아해 이말 한마디를 못할땐바람에 살짝 띄어보네 줄께요사랑의 마법을 담은 노래난 꿈꿔왔던 소망과꼭 간직해온 사랑을모두가 느낄수 있도록내 마음을 담아 노래할 거야너를 위한 노래를 예외로운 사람들의 마음을 열어 줄꺼야메마른 가슴속을 적셔줄 멜로디슬픔의 기억들에 기쁨을 채워줄꺼야넘치는 음악속의 리듬을비 개인 오후의 햇살처럼니 마음 포근히 감싸줄게 먼곳에 있어도 들려줄께내 노래는 너와 함께외로운 사람들의 마음을 열어 줄꺼야메마른 가슴속을 적셔줄 멜로디슬픔의 기억들에 기쁨을 채워줄꺼야넘치는 음악속의 리듬을 리듬을,0
외로웠던 너는 내게 왔지만기다렸었던걸 너는 몰랐었지이제까지 바랬었던 순간만이나를 기뻐하게 했었던 거에요기억하고 있진않나요 꿈같은 순간난 바라는 건 없었지만나 혼자만 좋았다면 너를 보내고망설이지 않았겠지힘들어도 내게 다가와이젠 너 없이는 내가 없잖아매일 보고 있어도 널 볼 수 없지만이제는 난 알아 느끼는게 있어나는 너를 닮아가장난스런 너는 상관없지만나는 언제부터 두근 거렸었어사랑이란 가면은 좀 벅차지만나를 기쁘게 만들어 주는 거에요기억하고 있진 않나요꿈 같은 순간 난 바라는 것 없었지만나 혼자만 좋았다면 너를 보내고망설이지 않았겠지힘들어도 내게 다가와이젠 너 없이는 네가 없잖아매일 보고 있어도 널 볼 수 없지만이제는 난 알아 느끼는게 있어나는 너를 닮아가힘들어도 내게 다가와이젠 너 없이는 네가 없잖아매일 보고있어도 널 볼 수 없지만이제는 난 알아 느끼는게 있어나는 너를 닮아가,0
If you wanna be my love  I wanna be your star  하루에도 몇번씩 니가 보고싶어  사랑한다고 하나뿐이라고  예쁘게 안아준다면 야야야  모든 것이 달라 질거야 야야야  넌 항상 나에게 말했었지 친구일  뿐이라고  하지만 언제부턴가 넌 조금씩 내게  달라지는걸 느껴  너의 손길에 들어 있는 또 다른  느낌들을  네가 알고 싶은 나의 모든것들을  다 네게 보여줄께  If you wanna be my love  I wanna be your star  하루에도 몇번씩 니가 보고 싶어  아무도 몰래 내게 다가올래  어색하지 않게 말야 야야야  If you wanna be my loveI wanna be your star 모른척 새침 떼는 나를 이해해줘  사랑한다고 하나뿐이라고 예쁘게 안아준다면 야야야 모든 것이 달라 질거야 야야야 혹시 넌 알고 있는건지 나의 두근거림을 이 세상 하나뿐인 너만을 사랑할께 이 세상 끝날까지 If you wanna be my loveI wanna be your star 하루에도 몇번씩 니가 보고 싶어 아무도 몰래 내게 다가올래 어색하지 않게 말야 야야야 If you wanna be my loveI wanna be your star 모른척 새침 떼는 나를 이해해줘  사랑한다고 하나뿐이라고 예쁘게 안아준다면 야야야 너와함께 나 부드럽게 웃는 법을 배웠고 너와함께 나 다정히 속삭이는 법도 알아 너와함께 나 포근히 감싸 안는 법도 알고 너를 위해서 모든것을 바꿔 옛날의 나를 잊겠어 좀 더 좋은여자 되겠어 너와 함께하는 어디든 내겐 가장 편한 곳이 됐어 If you wanna be my loveI wanna be your star 모른척 새침 떼는 나를 이해해줘 사랑한다고 하나뿐이라고 예쁘게 안아준다면 야야야 모든 것이 달라 질거야 야야야,0
좋아한다고 말할까 가슴이 자꾸 뛰는 이유를 온종일 들뜨고 설레이는 야릇한 이 기분  사랑이 시작된걸까  자꾸 웃음이 나와 어떡해 뭘해도 멋져 넌 너무 이뻐 마냥좋아 사랑하게 됐나봐 사랑하게 됐나봐  너만보여 너만들려 널 기다려 온통 너 뿐이야 둘이 있어 행복해 내 사랑이 너라는게 이 순간이 내 전부인 것처럼  난 너에게 빠질래 모든게 새롭기만해 벌써 모든게 너로 가득해 어쩌면 난 니가 처음이야 너 뿐인걸 사랑하게 됐나봐 사랑하게 됐나봐  너만보여 너만들려 널 기다려 온통 너 뿐이야 둘이 있어 행복해 내 사랑이 너라는게 이 순간이 내 전부인 것처럼 난 너에게 빠질래,0
하늘을 나는 빨간망또의 까만 고양이 꼬리가 달린 옆집 언니 밤마다 어디가요꼬리를 무는 엉뚱한 생각나도 멈췄으면 해 도대체 넌 커서 뭐가 될래 제일 많이 듣는 얘기 하지만 알지도 못하는 사람들에게 일일이 설명하고 싶지 않아 진짜 나의 모습 나 어떤 애라는 걸 잔인한 말의 사람들 속에서 상처라면 이미 많이 받은걸 이대로 난 나를 숨겨 놓을 거야 나나나나 나나나나-콧노래를 부르며 걸어가면 세상은 마법의 빛에 쌓이고 어제의 싫은 일 따위 잊게 되는 걸이해할 수 없는 세상에서도 이대로라면 나는 행복한걸 가만히 내 상상 속에 앉아서 쉬는날엔 싫은나를 잊으려고 해 쉬는날엔 싫은너를 가리려고 해 달나라로 가는 황금마차 과자로 진집 콜라의 샘 알지도 못하는 사람들에게 일일이 설명하고 싶지 않아 진짜 나의 모습 나 어떤 애라는 걸 잔인한 말의 사람들 속에서 상처라면 이미 많이 받은걸 이대로 난 나를 숨겨 놓을 거야 콧노래를 부르며 걸어가면 세상은 마법의 빛에 쌓이고 어제의 싫은 일 따위 잊게 되는 걸이해할 수 없는 세상에서도 이대로라면 나는 행복한걸 가만히 내 상상 속에 앉아서 -,0
달콤 초콜렛을입에 물고 키스 한 모금은빛 에나멜 칼라 손가락엔별빛 한 스푼예쁜 꼬리를 달고너에게 갈게 조금만 기다려착한 너는 눈이 반짝빨간 포도주를좋은 걸로 준비해 줄래한번 사르락하고마셔 보면 꿈을 꿀만큼네 가슴을 열고심장을 담고 쿠키를 구워줘착한 너는 입이 활짝시간은 흐르고 음악은 멈추고이 밤도 그리 길지는 않아새벽이 밝으면 주문도 풀릴 걸후회할 시간도 모자라 말해I love youI love you장미 꽃다발을백송이만 준비해 줄래다른 친구들슬쩍 보여주면 질투할 만큼너와 걸어갈 때면어느새 나는 얌전한 고양이앙큼한 네 팔짱을 살짝가끔 비밀스런 속삭임도나쁘진 않지나의 한숨이네게 닿을 때면 빨개질 테니네 가슴을 열고심장을 보이고 마음을 내게 줘내게로 또 넌 한 발짝시간은 흐르고 음악은 멈추고이 밤도 그리 길지는 않아새벽이 밝으면 주문도 풀릴걸후회할 시간도 모자라 말해I love youI love youI love youI love you oh oh oh youLook at me talk to mesay that you're in to meYou can't go anywhere nowthat you've given meLook at me talk to mesay that you're in to meYou can't go anywhere nowthat you've given meLook at me talk to mesay that you're in to meYou can't go anywhere nowthat you've given meLook at me talk to menow that you've given meyour purfect heart,0
