Lyrics,label
나는 볼 수 없던 이야기이젠 그 얘기를 해주실래요슬픈 표정 짓지 않아요애써 웃으려도 하지 않을게흘린 눈물을 닦아내는그 손이 참 가여워만 보여도쉽게 건넨 마음은 아닐까망설이는 내가 나도 참 미운걸바람 불어와서러운 마음을 달래고시간은 또 흘러서언젠가는 그 끝에선새하얀 웃음으로멈춰진 것 같던 시간들그댈 향해 흐르고 있었네요맘 졸인 시간이 있기에알 수 있을 거예요 내 맘과 같이바람 불어와서러운 마음을 달래고시간은 또 흘러서언젠가는 그 끝에선새하얀 웃음으로우 이런 내 위로는그리 간단치가 않아서이제야 건넨걸요내 손 잡아요나는 보아요아련히 옅은 빛을 띄다싸늘히 식어가도지친 하루 그 끝에서찬란한 꿈으로,1
내 별자리는 상처투성이 자리내 혈액형은 a b o 또 a b 형날 들킬까 봐 매일 나를 숨겼어I'm sorry어떤 사람이 되고 싶었던 걸까그런 사람이 되면 행복해 질까내 목소리로 내 마음에 속삭여all right길을 잃어버렸니 그럴 수도 있어사람들의 그림자 뒤 따라가지마잃어버린 나를 찾아줘아무것도 아닌 게 내겐 어려워그냥 하고 싶은 대로 하는 거울고 싶을 땐 울어버리고웃고 싶지 않을 때는 웃지 마밤하늘에다 나를 난 그려봐내가 만드는 나의 별자리아무도 지우지 못할 나만의 빛으로엄마 방에 불빛이 이제 꺼졌어그 고단했던 하루가 잠들었어난 왠지 그걸 보고서야 잠이 와 그냥잘은 모르겠지만 안쓰러운 마음뭔진 모르겠지만 잘하고 싶은 맘이 마음이 소중한 거야아무것도 아닌 게 내겐 어려워그냥 하고 싶은 대로 하는 거울고 싶을 땐 울어버리고웃고 싶지 않을 때는 웃지 마밤하늘에다 나를 난 그려봐내가 만드는 나의 별자리아무도 지우지 못할 나만의 빛으로그 땐 내 잘못인 줄만 알아서날 야단치고 탓을 하고그러다 혼자 서러워하고그러다 잠이 들고나를 지우고 또 쓰고그러다 후회하고아무도 아닌 내가 되고이제 다시 그런 거 하기 싫어아무것도 아닌 게 내겐 어려워누가 내게 말해주면 좋겠어울고 싶을 땐 울어 버리고웃고 싶지 않으면 웃지 말라고밤하늘에서 날 보며 빛나는내 얘기를 다 아는 별 하나잘 하고 있는 거라고매일 내게 말해줘아무것도 아닌 게 내겐 어려워그냥 하고 싶은 대로 하는 거내가 빛날 수 있게울고 싶을 땐 울어버리고웃고 싶지 않을 때는 웃지 마반은 거짓말 절반은 진짜 말그 사이 어디쯤에 있는 나잘하고 있는 거라고 말해주고 싶어꼭 안아주고 싶어,1
눈 감으면 더욱 선명해지는 게어떤 말로도 설명이 안 됐어유리 위를 혼자서 걸어가그댈 혹시나 아프게 할까내가 여기 있는데나를 몰라보나요너무 보고 싶어한참 기다렸는데손이 닿지 않네요그냥 멍하니 서 있네요안녕 안녕 안녕 goodbye꿈인듯해 자꾸만 같은 일들이나를 조금씩 무너지게 만해잠시나마 나를 기억해주던 순간기적 같았어 전부 꿈만 같아내가 여기 있는데나를 몰라보나요너무 보고 싶어한참 기다렸는데손이 닿지 않네요그냥 멍하니 서 있네요안녕 안녕 안녕 goodbye시간이 지나도 변치 않는나만 아는 그대의 진한 그 향기가날 알아보나요 나를 찾았나요하얗게 또 밤이 번져가요그댈 아프게 한 날이 지나고 또다시안녕 안녕 안녕 goodbye안녕 안녕 안녕 goodbye,1
따스한 바람이 불어오는 날엔포근한 미소로 나를 또 반겨주던그대란 사람 설레는 이 맘이렇게 난 너에게 빠졌나 봐무심한 듯 곁을 지켜주던 그대느껴본 적 없는 이런 설렘이누군가를 짝사랑하는 마음인가 봐그냥 아쉬움만 남는걸이렇게 좋아해 본 적이 없어요눈만 뜨면 그대가 참 보고 싶어요오늘은 그대 내 곁에서그저 머물러줘요그리고 내 손잡아 주세요꼭 안아 주세요나를 데려다주던 그날 밤문득 내게 건넨 그 한마디에괜스레 얼굴이 붉어지고조심스럽게 oh oh oh그대에게 oh oh oh사랑스러운 그대 귓가에속삭여줄게요사실 그대와 있던 모든 순간은내게는 소중하고 너무나 고마워서정말 아름다워요조심스럽게 oh oh oh그대에게 oh oh oh사랑스러운 그대 귓가에 고백해볼게요이렇게 좋아해 본 적이 없어요눈만 뜨면 그대가 참 보고 싶어요오늘은 그대 내 곁에서그저 머물러줘요그리고 내 손잡아 주세요꼭 안아 주세요부담스럽지 않게 다가가 볼게요부디 날 미워하지 말아요그저 매일 이렇게 날 보며 웃어줘요더는 바랄 게 하나 없죠이렇게 좋아해 본 적이 없어요눈만 뜨면 그대가 참 보고 싶어요오늘은 그대 내 곁에서그저 머물러줘요그리고 내 손잡아 주세요꼭 안아 주세요,1
처음 널 만나던 그 순간숨이 벅차 오르던 기억혹시 네가 들었을까봐들켰을까봐 마음 졸이던 날 기억해넌 참 목소리가 좋았어같이 걸을 때 더 좋았어그래 그럴 때가 있었어가슴 시리게 사랑했었던 날 있었어넌 나에게 매일 첫사랑봄눈이 오듯 그렇게 나는 기다려설레이던 그날도 취했었던 그 밤도마음이 이상해 바람 불어올 즘이면넌 나에게 매일 첫사랑봄눈이 오듯 그렇게 나는 기다려슬퍼 울던 그 날도 비틀대던 그 밤도마음이 이상해바람 불어올 즘이면 여전히때로 사랑은 참 외로워그래 삶이란 늘 어려워알아 우리 함께 했던 날가슴 시리게 사랑했었던 날 있었어넌 나에게 매일 첫사랑봄눈이 오듯 그렇게 나는 기다려설레이던 그날도 취했었던 그 밤도마음이 이상해 바람 불어올 즘이면넌 나에게 매일 첫사랑봄눈이 오듯 그렇게 나는 기다려슬퍼 울던 그 날도 비틀대던 그 밤도마음이 이상해바람 불어올 즘이면 여전히,1
요즘 너무나 네가 낯설게 느껴져어제는 전화도 한 번 없었지어디니 밥은 먹었냐고 묻는상냥한 네 말 기다렸는데아무 말도 없는 너를 보며 느껴내가 알던 니가 맞는 건지다른 사람 네게 생긴 건지이제 더 이상 날 사랑하지 않니우리 이별인 거니왜 내가 싫어졌는지내게 말해줄 순 없니자꾸만 전화해서 귀찮아진 거니아직도 난 너를 사랑하고 있는데난 어떡해 난 어떡해 내가 뭘 잘못한 건지왜 내가 싫증 나는지뭘 내가 잘못하고 있는 거라면말해줄래 네가 말하는그 모습처럼 고칠게다 고칠게 떠나지 마나는 아직도 니가 내 것만 같은데오늘도 네게 전화를 걸어서잘 자라 오늘 밤 꿈에서 보잔달콤한 말 해줄 것 같은데왜 내가 싫어졌는지내게 말해줄 순 없니자꾸만 전화해서 귀찮아진 거니아직도 난 너를 사랑하고 있는데난 어떡해 난 어떡해 내가 뭘 잘못한 건지왜 내가 싫증 났는지뭘 내가 잘못하고 있는 거라면말해줄래 니가 말하는그 모습처럼 고칠게다 고칠게왜 그리 차가운 건지예전에 니가 맞는지너 전에 만나던 그 사람 때문이니말해줄래 니가 만나는그 사람처럼 고칠게다 고칠게 떠나지 마,1
고단한 하루 끝에 떨구는 눈물난 어디를 향해 가는 걸까아플 만큼 아팠다 생각했는데아직도 한참 남은 건가 봐이 넓은 세상에 혼자인 것처럼아무도 내 맘을 보려 하지 않고아무도눈을 감아 보면내게 보이는 내 모습지치지 말고잠시 멈추라고갤 것 같지 않던짙은 나의 어둠은나를 버리면모두 갤 거라고웃는 사람들 틈에 이방인처럼혼자만 모든 걸 잃은 표정정신 없이 한참을 뛰었던 걸까이제는 너무 멀어진 꿈들이 오랜 슬픔이 그치기는 할까언젠가 한 번쯤 따스한 햇살이 내릴까나는 내가 되고별은 영원히 빛나고잠들지 않는꿈을 꾸고 있어바보 같은 나는내가 될 수 없단 걸눈을 뜨고야그걸 알게 됐죠나는 내가 되고별은 영원히 빛나고잠들지 않는꿈을 꾸고 있어바보 같은 나는내가 될 수 없단 걸눈을 뜨고야그걸 알게 됐죠어떤 날 어떤 시간 어떤 곳에서나의 작은 세상은 웃어줄까,1
세상과 다른 눈으로 나를 사랑하는세상과 다른 맘으로 나를 사랑하는그런 그대가 나는 정말 좋다나를 안아주려 하는 그대 그 품이나를 잠재우고 나를 쉬게 한다위로하려 하지 않는 그대 모습이나에게 큰 위로였다나의 어제에 그대가 있고나의 오늘에 그대가 있고나의 내일에 그대가 있다그댄 나의 미래다나와 걸어주려 하는 그대 모습이나를 웃게 하고 나를 쉬게 한다옆에 있어주려 하는 그대 모습이나에게 큰 위로였다나의 어제에 그대가 있고나의 오늘에 그대가 있고나의 내일에 그대가 있다그댄 나의 미래다,1
그땐 아주 오랜 옛날이었지난 작고 어리석은 아이였고열병처럼 사랑에 취해 버리고심술궂게 그 맘을 내팽개쳤지내가 버린 건 어떠한 사랑인지생애 한번 뜨거운 설램인지두번 다시 또 오지 않는건지그땐 미처 알지 못했지오랜 뒤에 나는 알게 되었지난 작고 어리석었다는 것을술에 취해 집을 향하던 봄날에물결처럼 가슴이 일렁거렸지내가 버린건 어떠한 사랑인지생애 한번 뜨거운 설렘인지두번 다시 또 오지 않는건지그땐 미처 알지 못했지오 내가 놓아 버린건 어떠한 사랑인지생애 한번 뜨거운 설렘인지두번 다시 또 오지 않는건지그땐 미처 알지 못했지 예예예예예예,1
바람에 날려 꽃이 지는 계절엔아직도 너의 손을 잡은 듯 그런 듯 해그때는 아직 꽃이 아름다운 걸지금처럼 사무치게 알지 못했어우 너의 향기가 바람에 실려 오네우 영원할 줄 알았던 스물다섯 스물하나그 날의 바다는 퍽 다정했었지아직도 나의 손에 잡힐 듯 그런 듯 해부서지는 햇살 속에 너와 내가 있어가슴 시리도록 행복한 꿈을 꾸었지우 그날의 노래가 바람에 실려 오네우 영원할 줄 알았던 지난날의 너와 나너의 목소리도 너의 눈동자도애틋하던 너의 체온마저도기억해내면 할수록 멀어져 가는데흩어지는 널 붙잡을 수 없어바람에 날려 꽃이 지는 계절엔아직도 너의 손을 잡은 듯 그런 듯 해그때는 아직 네가 아름다운 걸지금처럼 사무치게 알지 못했어우 너의 향기가 바람에 실려 오네우 영원할 줄 알았던 스물다섯 스물하나우 그날의 노래가 바람에 실려 오네우 영원할 줄 알았던 지난날의 너와 나우 우 우 영원할 줄 알았던 스물다섯 스물하나스물다섯 스물하나,1
이제부터 웃음기 사라질거야가파른 이 길을 좀 봐그래 오르기 전에미소를 기억해두자오랫동안 못 볼 지 몰라완만했던 우리가 지나온 길엔달콤한 사랑의 향기이제 끈적이는 땀거칠게 내쉬는 숨이우리 유일한 대화일지 몰라한걸음 이제 한걸음일 뿐 아득한저 끝은 보지마 평온했던 길처럼계속 나를 바라봐줘그러면 견디겠어사랑해 이 길 함께 가는 그대굳이 고된 나를 택한 그대여가끔 바람이 불 때만 저 먼 풍경을바라봐 올라온 만큼아름다운 우리 길기억해 혹시 우리 손 놓쳐도절대 당황하고 헤매지 마요더 이상 오를 곳 없는 그 곳은넓지 않아서 우린 결국엔 만나오른다면한 걸음 이제 한걸음일 뿐아득한 저 끝은 보지마평온했던 길처럼계속 나를 바라봐줘그러면 난 견디겠어사랑해 이 길 함께 가는 그대여굳이 고된 나를 택한 그대여가끔 바람이 불 때만 저 먼 풍경을바라봐 올라온 만큼아름다운 우리 길기억해 혹시 우리 손 놓쳐도절대 당황하고 헤매지 마요더 이상 오를 곳 없는 그 곳은넓지 않아서 우린 결국엔 만나크게 소리 쳐 사랑해요 저 끝까지,1
난 너에게 편지를 써내 모든걸 말하겠어변함없는 마음을 적어주겠어난 저 별에게 다짐했어내 모든걸 다 걸겠어끝도 없는 사랑을 보여주겠어더 외로워 너를 이렇게 안으면너를 내 꿈에 안으면 깨워줘이렇게 그리운 건 울고 싶은건난 괴로워 니가 나 아니라다른 사람 에게만웃고 사랑을 말하고또 그렇게 싫어해 날난 욕심이 너무 깊어더 많은 걸 갖고싶어너의 마음을 가질수없는 난 슬퍼다 외로워 너를 이렇게 안으면너를 내 꿈에 안으면 깨워줘이렇게 그리운건 울고 싶은건난 괴로워 니가 나 아니라다른 사람에게만웃고 사랑을 말하고또 그렇게 날 싫어해 날너에게 편지를 써내 모든걸 말하겠어,1
난 그댈 바라보고 있어요아무런 말도 하진 말아요그래요 이제 끝이란 걸 알아난 알아요우리 함께 했던 모든 시간이무너져 내려서그 무게에 숨조차 쉴 수 없다는 걸나도 잘 알고 있어요 그렇지만기억할게요그대의 모습어쩌면 다 잊은 듯 살지만남고 싶어요나는 그렇게 그대우연하게 만난 들꽃처럼기억해줘요기억할게요그대의 눈물우리가 사랑했었던 날들저물어가요저기 멀리 여름 바람 불어오듯잊어요 그대 내 손 놓아요난 알아요우리 함께 했던 모든 시간이무너져 내려서그 무게에 숨조차 쉴 수 없다는 걸나도 잘 알고 있어요 그렇지만기억할게요그대의 모습어쩌면 다 잊은 듯 살지만남고 싶어요나는 그렇게 그대우연하게 만난 들꽃처럼기억해줘요기억할게요그대의 눈물우리가 사랑했었던 날들저물어가요저기 멀리 여름 바람 불어오듯잊어요 그대 내 손 놓아요,1
우리 바다 갈까오늘 하늘이 어떻든그냥 단둘이서 저 멀리 다녀올까해가 지면 어두운 밤이 찾아오면우리 늘 그렇듯 밤새 떠들다 잘까난 절대 변하지 않을거야이토록 간절하니까네 맘 지쳐 겨울비 내리면 부디이 밤 우리 지금 기억해 줘나는 눈을 감아 너의 맘속 바다깊은 곳 한편에 잠겨간다네가 있는 곳으로너는 깊은 바달 홀로 걷고 있었다이제 널 놓지 않아난 떠나지 않아이제서야 이제서야너의 바다가 보인다우리 걸어볼까아직 바람은 차지만잡은 두 손은 왜 이렇게 따뜻할까우린 서로 별다른 말이 없지만오늘은 왜일까 전부 알 것만 같아난 절대 변하지 않을거야이토록 간절하니까네 맘 지쳐 겨울비 내리면 부디이 밤 우리 지금 기억해 줘나는 눈을 감아 너의 맘속 바다깊은 곳 한편에 잠겨간다네가 있는 곳으로너는 깊은 바달 홀로 걷고 있었다이제 널 놓지 않아난 떠나지 않아나는 너의 바다 그 위에 비가 될게언제라도 내려와 네게 잠겨널 안아줄 수 있게햇살이 널 비출 때 나에게 웃어줄래이제 널 놓지 않아난 떠나지 않아이제서야 이제서야너의 바다가 보인다우리 바다 갈까,1
날 올려다보는 너눈빛이 전한 단어들나 온종일 애태웠던참 기다란 그리움간절히 바라던 온도안도케 하는 포근함내 어깨에 느껴지는꼭 아이 같은 작은 숨결나를 보며 수줍게 웃곤내 품속으로 달려드는 널도대체 난 그런널 안지 않을 수 있어야지네 맘 가장 가까이에서속삭이는 너를 듣는 일도대체 난 그런널 안지 않을 수 있어야지혹 사랑이라는 게만질 수 있는 거라면저 하늘색 구름 같은너의 품이 아닐까어쩌면 사랑이란 게어떤 행동이라면내 두 팔에 가득 감아꼭 안아주는 일 아닐까나를 보며 수줍게 웃곤내 품속으로 달려드는 널도대체 난 그런 널안지 않을 수 있어야지네 맘 가장 가까이에서속삭이는 너를 듣는 일도대체 난 그런 널안지 않을 수 있어야지널 안고 있으면세상 모든 순간들이꼭 나를 위해 또 나만 위해존재하는 것만 같은데내 품이 너에게도 그리 느껴질까내 마음이 너에게다 들릴 만큼 더 꼭 안아줄게너를 만난 나란 계절에예쁜 꽃만 틔워주는 너도대체 난 그런 널안지 않을 수 있어야지너무 소중하고 애틋해많이 아껴두고 싶은데도대체 난 그런 널안지 않을 수 있어야지널 안지 않을 수 있어야지,1
지금 이 말이 우리가다시 시작하자는 건 아냐그저 너의 남아있던기억들이 떠올랐을 뿐이야정말 하루도 빠짐없이 너는사랑한다 말해줬었지잠들기 전에 또눈 뜨자마자 말해주던 너생각이 나 말해보는 거야예뻤어날 바라봐 주던 그 눈빛날 불러주던 그 목소리다 다그 모든 게 내겐예뻤어더 바랄게 없는 듯한 느낌오직 너만이 주던 순간들다 다지났지만넌 너무 예뻤어아직도 가끔 네 생각이 나어렵게 전화를 걸어볼까생각이 들 때도 많지만Baby I know it's already over아무리 원해도 너는 이제이미 끝나버린 지난날의한편의 영화였었단 걸난 알아날 바라봐 주던 그 눈빛잘 지내라던 그 목소리다 다그마저도 내겐예뻤어내게 보여준 눈물까지너와 가졌던 순간들은다 다지났지만넌 너무 예뻤어,1
여기까지가 끝인가 보오 이제 나는 돌아서겠소 억지 노력으로 인연을 거슬러 괴롭히지는 않겠소 하고 싶은 말 하려 했던 말 이대로 다 남겨두고서 혹시나 기대도 포기하려 하오 그대 부디 잘 지내시오 기나긴 그대 침묵을이별로 받아 두겠소 행여 이 맘 다칠까근심은 접어두오 오 사랑한 사람이여 더 이상 못 보아도 사실 그대 있음으로 힘겨운 날들을 견뎌 왔음에 감사하오 좋은 사람 만나오 사는 동안 날 잊고 사시오 그저 행복하길 바라겠소 이 맘만 가져가오사랑한 사람이여 더 이상 못 보아도 사실 그대 있음으로 힘겨운 날들을 견뎌 왔음에 감사하오 좋은 사람 만나요 사는 동안 날 잊고 사세요그저 행복하길 바랄게요 이 맘만 가져가요,1
문득 생각이나요우리 헤어지던 날마음 아팠던 그날을그대는 여전히 잘 지내나요이런 날이면 보고 싶어요아직 난 그댈 좋아한다고비가 내리는 날에는나를 생각해줘요함께 걸었던 거리를 기억해줘요비가 내리는 날이면조금 아파해줘요추억이 담긴 내 눈물이그대 어깰 적시도록그땐 왜 그리도 모질었나요헤어지기 싫다고 네게 소리 쳐봐도표정 하나 안 변하고 나를 밀어내던그대가 참 보고 싶은 날비가 내리는 날에는나를 생각해줘요함께 걸었던 거리를 기억해줘요비가 내리는 날이면조금 아파해줘요추억이 담긴 내 눈물이그대 어깰 적시도록어쩌죠 너무 보고 싶어요잠에 들 수도 없죠그대가 참 미워요비가 내리는 날에는나를 생각해줘요오늘 비가 내리네요그대가 그리워요함께 걸었던 거리를 걷고 있어요비가 내리는 날이면내가 많이 아파요내 눈물에 그대를 담아이제 그만 놓아주길,1
또 늦은 건 나야 널 기다리게 한 건네가 웃는 순간마다 난 항상 미안해소중한 건 언제나 날 겁나게 만들어넌 내가 처음 가져보는 내 제일 아픈 손가락어디선가 언젠가 너를 만나 사랑하다 멀어져봤던 사람처럼 널 보면내 안에 어딘가가 자꾸 아파어디선가 언젠가 우리 다시 멀어져잊혀져야 할까 봐 두려워너의 손을 잡고 있는 순간에도또 그렇게 보네 처음 보는 것처럼내일이면 다시 못 볼 사람인 것처럼사랑은 날 이토록 조급하게 만들어넌 내가 끝내 닿고 싶은 내 삶의 마지막 순간어디선가 언젠가 너를 만나 사랑하다 멀어져봤던 사람처럼 널 보면내 안에 어딘가가 자꾸 아파어디선가 언젠가 우리 다시 멀어져잊혀져야 할까 봐 두려워너의 손을 잡고 있는 순간에도우연은 없는 말인 거야이렇게 정해져 있잖아내 안의 어딘가에 살고 있던 너 처음부터 살아야 한다 해도 아마 난 또 이곳에한 번 더 가까이 보자 기억할 수 있게,1
내가 원하는 나의 모습과 네가 필요로 하는 나의 모습이 같지가 않다는 것잘못된 건 아니지 않나요미안할 일 아니지 않나요그런데 왜 또 그렇게 자꾸 날 몰아세우는 건데도대체 뭐를 더 어떻게 해난 몇 마디의 말과 몇 번의 손짓에또 몇 개의 표정과 흐르는 마음에울고 웃는 그런 나약한 인간일 뿐인데대체 내게서 뭐를 더 바라나요내가 줄 수 있는 것 그 이상을 줄 수 없음에 미안해해야 하는 건 이제 그만둘래요달라졌구나 참 많이도 변했구나난 여전히 그대론데 넌 달라져 버렸어근데 혹시 한 번쯤 반대로 생각해 본 적은 없었나요난 몇 마디의 말과 몇 번의 손짓에또 몇 개의 표정과 흐르는 마음에울고 웃는 그런 나약한 인간일 뿐인데 대체 내게서 뭐를 더 바라나요내가 줄 수 있는 것 그 이상을 줄 수 없음에 미안해해야 하는 건 이제 그만둘래요빼곡히 들어선 의미라 했지만나에겐 공허하기만 한일방성의 무의미함방랑과 방황의 차이난 몇 마디의 말과 몇 번의 손짓에또 몇 개의 표정과 흐르는 마음에울고 웃는 그런 나약한 인간일 뿐인데대체 내게서 뭐를 더 바라나요내가 줄 수 있는 것 그 이상을 줄 수 없음에 미안해해야 하는 건 이제 그만둘래요,1
그댈 보기 위해 먼 길을 건너왔네요힘든 길인걸 알면서도 그저 걸었죠I fly for you 눈감아도보이지 않던 내 맘에 니가 다가와Because i love you boy 내 곁으로 다가와요Because i need you boy 꿈에서도 그리운걸Remember i love you boy 다신 볼 수 없다 해도Because i love you boy Because i love you boy사랑해요 사랑해요너와 함께한 기억들이 바람에 날려지친 내 맘에 내려앉아 나를 웃게 해안개 속을 헤메이던전하지 못한 내 맘이 네게 다가가Because i love you boy 내 곁으로 다가와요Because i need you boy 꿈에서도 그리운걸내 차가운 맘을 움직였던 가슴을 울게 했던그 사람이 그댄걸요정말 잊으려고 해도 지워내려 해도내 사랑은 그대죠I fly for you Because i love you boy 내 곁으로 다가와요Because i need you boy 꿈에서도 그리운걸Remember i love you boy 다신 볼 수 없다 해도Because i love you boy Because i love you boy사랑해요 사랑해요,1
In this momentI see youIt always comes aroundAs I believedWhen the rain stopsYou shine on meYour light’s the only thingthat keeps the cold outMoon in the summer nightWhispering of the starsThey’re singing likeChristmas trees for usSo I’ll tell youA Million tiny things thatYou have never knownIt all gets tangled up insideAnd I’ll tell youA Million little reasonsI’m falling for your eyesI just want to be where you areIt’s such a strange thing to doSometimes I don’t understand youBut It always brings me backTo where you are혹시 아니너에겐 나만 아는 모습이 있어한여름밤 오는 첫눈같이믿기지 않는 기적 같은 놀라운 순간 넌언젠가 또불어온 바람에마음이 날아다녀도기다릴게So I’ll tell youA Million tiny things thatYou have never knownIt all gets tangled up insideAnd I’ll tell youA Million little reasonsI’m falling for your eyesI just want to be where you areTell youA Million tiny things thatYou have never knownIt all gets tangled up insideTell youA Million little reasonsI’m falling for your eyesI just want to be where you are,1
별빛이 내린 밤그 풍경 속 너와 나날 새롭게 하는따뜻하게 만드는니 눈빛 니 미소영원히 담아둘게너로 가득한 맘널 닮아가는 나날 위한 선물꿈보다 더 아름다운서로의 품에서끝 없는 밤을 걷자나의 모든 날들을 다 주고싶어내 이 맘을 모두 전하고 싶어잠들지 못한푸른 바람들이렇게 밝게 이 밤을 비춰너와 작은 일상을 함께 하는게내 가장 큰 기쁨인걸 넌 알까내 세상 속에넌 빛이 되어지금 모습 그대로 내 곁에만행복이 짙은 날어둠이 없는 밤같은 맘 속에같은 꿈이 피어난 건우리의 정해진운명이 맞닿은거야나의 모든 날들을 다 주고싶어내 이 맘을 모두 전하고 싶어잠들지 못한푸른 바람들이렇게 밝게 이 밤을 비춰너와 작은 일상을 함께 하는게내 가장 큰 기쁨인걸 넌 알까내 세상 속에넌 빛이 되어지금 모습 그대로 내 곁에만내게 온 너란 빛이 눈 부셔도네 앞에서 한 순간도 눈 감지 않아다가올 시간도계절의 바람도널 데려가지 못하게내가 더 좋은 사람이 되고 싶어더 아름답게 널 안을 수 있게잠들지 못한잠들 수 없는바람들이 널 부르고 있어언제까지나 너와 함께 할거야내 마지막 숨결도 너일거야내 세상 속에넌 빛이 되어지금 모습 그대로 내 곁에만이렇게 밝게 이 밤을 비춰,1
그땐 난 어떤 마음이었길래 내 모든걸 주고도 웃을 수 있었나 그대는 또 어떤 마음이었길래 그 모든걸 갖고도 돌아서 버렸나 뜨거운 여름밤은 가고 남은 건 볼 품 없지만 또다시 찾아오는 누군갈 위해서 남겨두겠소 다짐은 세워올린 모래성은 심술이 또 터지면 무너지겠지만 뜨거운 여름밤은 가고 남은 건 볼 품 없지만 또다시 찾아오는 누군갈 위해서 남겨두겠소 그리운 그 마음 그대로  영원히 담아둘거야 언젠가 불어오는 바람에 남몰래 날려보겠소 눈이 부시던 그 순간들도 가슴아픈 그대의 거짓말도 새하얗게 바래지고 비틀거리던 내 발걸음도  그늘아래 드리운 내 눈빛도 아름답게 피어나길 눈이 부시던 그 순간들도 가슴아픈 그대의 거짓말도 새하얗게 바래지고 비틀거리던 내 발걸음도  그늘아래 드리운 내 눈빛도 아름답게 피어나길 눈이 부시던 그 순간들도가슴아픈 그대의 거짓말도새하얗게 바래지고비틀거리던 내 발걸음도 그늘아래 드리운 내 눈빛도아름답게 피어나길,1
도망가자어디든 가야 할 것만 같아넌 금방이라도 울 것 같아괜찮아우리 가자걱정은 잠시 내려놓고대신 가볍게 짐을 챙기자실컷 웃고 다시 돌아오자거기서는 우리 아무 생각말자너랑 있을게 이렇게손 내밀면 내가 잡을게있을까 두려울 게어디를 간다 해도우린 서로를 꼭 붙잡고 있으니너라서 나는 충분해나를 봐 눈 맞춰줄래너의 얼굴 위에 빛이 스며들 때까지가보자 지금 나랑도망가자멀리 안 가도 괜찮을 거야너와 함께라면 난 다 좋아너의 맘이 편할 수 있는 곳그게 어디든지 얘기 해줘너랑 있을게 이렇게손 내밀면 내가 잡을게있을까 두려울 게어디를 간다 해도우린 서로를 꼭 붙잡고 있으니가보는 거야 달려도 볼까어디로든 어떻게든내가 옆에 있을게 마음껏 울어도 돼그 다음에돌아오자 씩씩하게지쳐도 돼 내가 안아줄게괜찮아 좀 느려도 천천히 걸어도나만은 너랑 갈 거야 어디든당연해 가자 손잡고사랑해 눈 맞춰줄래너의 얼굴 위에 빛이 스며들 때까지가보자 지금 나랑도망가자,1
나는 읽기 쉬운 마음이야당신도 스윽 훑고 가셔요달랠 길 없는 외로운 마음 있지머물다 가셔요 음내게 긴 여운을 남겨줘요사랑을 사랑을 해줘요할 수 있다면 그럴 수만 있다면새하얀 빛으로 그댈 비춰 줄게요그러다 밤이 찾아오면우리 둘만의 비밀을 새겨요추억할 그 밤 위에 갈피를 꽂고선  남몰래 펼쳐보아요나의 자라나는 마음을못 본 채 꺾어 버릴 순 없네미련 남길바엔 그리워 아픈 게 나아서둘러 안겨본 그 품은 따스할 테니그러다 밤이 찾아오면우리 둘만의 비밀을 새겨요추억할 그 밤 위에 갈피를 꽂고선  남몰래 펼쳐보아요언젠가 또 그날이 온대도우린 서둘러 뒤돌지 말아요마주보던 그대로 뒷걸음치면서서로의 안녕을 보아요피고 지는 마음을 알아요다시 돌아온 계절도난 한 동안 새 활짝 피었다 질래또 한번 영원히그럼에도 내 사랑은또 같은 꿈을 꾸고그럼에도 꾸던 꿈을난 또 미루진 않을거야,1
Maybe If IWoke up in the morningHearing your voiceMaybe If I was with you어쩌면 우리 어려웠던 날들함께 보냈었다면혹시 우린 어땠을까The distance between you and meIt never seems to disappear얼어붙은 나의 말들과 너만약에 우리 우연히다시 또 만난다면만약에 내가 널 위해조금 달라진다면우리가 헤어져야만 했던 이유도I would try try try안아줄 수 있을까조금은 다른기억의 조각들하지만 꼭 닮은그리움의 마음들은Only if youIf you comeThe distance between you and meIt never seems to disappear멈춰버린 우리 추억과 너만약에 우리 우연히다시 또 만난다면만약에 내가 널 위해조금 달라진다면우리가 헤어져야만 했던 이유도I would try try try안아줄 수 있을까눈을 뜨면 혹시 니가 서 있을까어느 날 상상도 했어한 번도 내게 해주지 않았던 말그저 너니까 좋은 거라고 ohTell me wheneverI’ll be wherever you areOnly if you come,1
어린 햇살 아래서뛰어놀곤 했었던가쁜 숨결굽이진 골목 지나길을 따라가보면같은 기억어른이란 시간은아직 어색하게도나를 채워많은 게 변했다 해여긴 그대로인걸You’ll feel the same땀에 젖어 놀았던우리는 너와 난 이젠돌아갈 순 없지만낡아진 서랍 속에서작았던 서롤 기억해When I’m far from homeAlways 떠올라 난 아직도반짝이던 네 두 눈마주 보던 그림자마주 보던 우리는여기 still same시간은 언제나 날울리는 존재지만놓질 못해많은 게 더 지날 땐여긴 또 하나의Our home그땐 우린 어딜까낡아진 서랍 속에서작았던 서롤 기억해When I’m far from homeAlways 떠올라 난 아직도반짝이던 네 두 눈혼자서 숨겼던널 향한 마음은알게 하진 않을 거야널 볼 수 있다면 그걸로 충분해담을게 두 눈에 언제든 항상낡아진 서랍 속에서작았던 서롤 기억해When I’m far from homeAlways 떠올라 난 아직도반짝이던 네 두 눈,1
머나먼 별빛 저 별에서도노랠 부르는 사랑 살겠지밤이면 오손도손 그리운 것들 모아서노랠 지어 부르겠지새까만 밤하늘을 수놓은 별빛마저불어오는 바람 따라가고보고픈 그대 생각 짙어져 가는시월의 아름다운 이 밤에부르다 보면 어제가 올까그립던 날이 참 많았는데저 멀리 반짝이다아련히 멀어져 가는너는 작은 별 같아Farewell Farewell멀어져 가는Farewell ooh새까만 밤하늘을 수놓은 별빛마저불어오는 바람 따라 가고보고픈 그대 생각 짙어져 가는시월의 아름다운 이 밤에수많은 바람 불어온대도날려 보내진 않을래잊혀질까 두려워 곁을 맴도는시월의 아름다운 이 밤을기억해 주세요Farewell Farewell,1
나도 알아 나의 문제가 무엇인지난 못났고 별 볼 일 없지그 애가 나를 부끄러워 한다는 게슬프지만 내가 뭐라고빛나는 누군갈 좋아하는 일에 기준이 있는 거라면이해할 수 없지만 할 말 없는걸난 안경 쓴 샌님이니까내가 이렇게 사랑하는데이렇게 원하는데나는 아무것도 할 수 없고바라만 보는데도내가 그렇게 불편할까요내가 나쁜 걸까요아마도 내일도 그 애는 뒷모습만이제 알아 나의 할 일이 무엇인지다 포기하고 참아야 하지저 잘 나가는 너의 남자친구처럼되고 싶지만 불가능하지빛나는 누군갈 좋아하는 일에기준이 있는 거라면이해할 수 없지만 할 말 없는걸난 안경 쓴 샌님이니까내가 이렇게 사랑하는데이렇게 원하는데나는 아무것도 할 수 없고바라만 보는데도내가 그렇게 불편할까요내가 나쁜 걸까요아마도 내일도 그 애는나는 왜 이런 사람 이런 모습이고이런 사랑을 하고나는 아무것도 될 수 없고바라만 보는데도내가 그렇게 불편하니까내가 나쁜 거니까아마도 내일도 그 애는나도 알아 나의 문제가 무엇인지,1
그대를 다시 볼 수 있다는생각을 해요아마도 우린 끝없이 멀리돌아만 왔죠엊그제부터 또 생각이 나서이제 더는 안될 것 같아그대에게 말해요아무런 의미 없는 일상에들어와줘요그대와 함께하고 싶은 게참 많은걸요익숙해질 즘 그댈 기다리는 게왠지 마주칠 것만 같아마음이 떨려요I’m the one who found your love그대 안에 내가 번져서그간에 맘들이 모두 녹아내리면내가 꿈꿔왔던 것처럼그렇게 나를 바라봐줘요혼자서 잠 못 이루고널 떠올렸던 밤별들이 반짝이던 그날에기도했었죠그대를 다시 다시 볼 수 있다면어디에 있건 당장이라도달려갈 텐데I’m the one who found your love그대 안에 내가 번져서그간에 맘들이 모두 녹아내리면내가 꿈꿔왔던 것처럼그렇게 나를 바라봐줘요I’m the one who found your love그대 안에 내가 번져서그간에 맘들이 모두 녹아내리면내가 꿈꿔왔던 것처럼 그렇게 나를 바라봐줘요,1
눈물 쏟으며 거창하게서로 이별할 수 있음이축복이라 느껴진다 나의 이별은 혼자서보잘것없이 치러지는데이별했다고 따뜻하게위로 한번 받을 수 있음이사치라고 느껴진다 나의 사랑은 아무도 모르게접어야만 하는데참 오래도 끌어왔다시작에도 마지막에도어차피 혼자였을 것을 돌아보니너무 초라했던고단하기만 했던 내 사랑헛된 기대와 잦은 실망에지쳤을 내 사랑혼자 이별하는 날뭐든 해주고 싶지만 가엾은 내 사랑 마지막까지도 너무 초라하다보잘것없이 저문다 내 사랑마지막이라도 웃을 수 있게해주고 싶지만할 수 있는 거라곤해줄 수 있는 전부라곤 안녕네게 고작 안녕참 오래도 미뤄왔다나만 아님 나만 놓으면이렇게 쉽게 끝날 것을 돌아보니 너무 초라하다보잘것없이 저문다 내 사랑 마지막이라도 웃을 수 있게해주고 싶지만 할 수 있는 거라곤해줄 수 있는 전부라곤 안녕네게 고작 안녕작별 인사였었는데넌 해맑게 웃어주네그 미소를 바래왔는데오늘은 아프다 우리 어디서든 언제든다시 마주치겠지만이게 마지막 인사란 것도나는 잘 알기에쉽게 뱉지 못한 말떨어지지 않았던 그 말 안녕이젠 정말 안녕,1
너무도 빠르게 시작돼 버린 맘이그냥 믿고 싶지 않았지우리의 시간이 빠르게 가는 만큼난 더 조급해지는걸요즘 내 하루가 두려워같은 길을 가도 내 곁엔네가 없단 걸 알면서익숙한 네 이름 불러 ah너가 없는 차가운 내 밤하늘 위로대답 없는 달에게 난 또 말을 하네넌 어딨을까 또 보고 싶다종일 너를 그려보고 있어love love love할 일 없는 나른한 이 오후 중에저 구름 한 점 없는하늘에 적어보네너도 나 같을까 나만 이런 걸까종일 너를 떠올리고 있잖아난 always you너의 긴 하루에 내가 있나궁금해 나만큼 아니여도넌 가끔이라도 날생각해 준다고 하면그거면 난 될 것 같은데다시 내 하루가 설레여너와 함께 했던 곳에서혹시 널 보게 될까 봐넌 어떤 마음일까 love너가 없는 차가운 내 밤하늘 위로대답 없는 달에게 난 또 말을 하네넌 어딨을까 또 보고 싶다종일 너를 그려보고 있어love love love할 일 없는 나른한 이 오후 중에저 구름 한 점 없는 하늘에 적어보네너도 나 같을까 나만 이런 걸까종일 너를 떠올리고 있잖아난 always you사실 이 설레임 뒤엔두려운 생각도 드네너가 더 멀어지면 어쩔까복잡해져 뭔가 어려워 또 혼자잠에 들지 못한 밤너가 없는 차가운 내 밤하늘 위로대답 없는 달에게 난 또 말을 하네너도 나 같을까 나만 이런 걸까종일 너를 떠올리고 있잖아난 always you,1
나 아직 꿈을 꾸죠밤하늘 희미한 달빛처럼눈부셨던 기억 속에 그 사람어렴풋이 생각이 나네요바람에 흩날리는 꽃잎에따뜻한 그대 향기를 느끼고스쳐 지나간 듯한짧았었던 인연이 이제내 전부인 걸요같은 하늘 아래 그대와함께 있다는 걸지워질까 두려운 거죠푸른 바다 수평선까지 걸을 수 있다면나 그대 손 놓지 않을게하늘에 수놓아진 별빛에따뜻한 그대 숨결을 느끼고운명처럼 그대와 이대로만 이렇게 남아숨 쉴 수 있다면같은 하늘 아래 그대와함께 있다는 걸지워질까 두려운 거죠푸른 바다 수평선까지 걸을 수 있다면나 그대 손 놓지 않을게같은 하늘 아래 그대와 함께 있다는 걸지워질까 두려운 거죠푸른 바다 수평선까지 걸을 수 있다면 나 그대 손 놓지 않을게,1
일부러 몇 발자국 물러나내가 없이 혼자 걷는 널 바라본다옆자리 허전한 너의 풍경흑백 거리 가운데 넌 뒤돌아본다그때 알게 되었어난 널 떠날 수 없단 걸우리 사이에 그 어떤 힘든 일도이별보단 버틸 수 있는 것들이었죠어떻게 이별까지 사랑하겠어널 사랑하는 거지사랑이라는 이유로서로를 포기하고찢어질 것같이 아파할 수 없어 난두세 번 더 길을 돌아갈까적막 짙은 도로 위에 걸음을 포갠다아무 말 없는 대화 나누며주마등이 길을 비춘 먼 곳을 본다그때 알게 되었어난 더 갈 수 없단 걸한 발 한 발 이별에 가까워질수록너와 맞잡은 손이 사라지는 것 같죠어떻게 이별까지 사랑하겠어널 사랑하는 거지사랑이라는 이유로서로를 포기하고찢어질 것같이 아파할 수 없어 난어떻게 내가 어떻게 너를이후에 우리 바다처럼 깊은 사랑이다 마를 때까지기다리는 게 이별일 텐데어떻게 내가 어떻게 너를이후에 우리 바다처럼 깊은 사랑이다 마를 때까지기다리는 게 이별일 텐데,1
비가 내리다 말다우산을 챙길까 말까tv엔 맑음이라던데네 마음도 헷갈리나봐비가 또 내리다 말다하늘도 우울한가봐비가 그치고나면이번엔 내가 울것만같아Strumming down to my memories지직거리는 라디오에선또 뻔한 love song잊고있던 아픈 설레임널 생각나게해우리 걷던 이길위에흘러나오던 멜로디 흥얼거렸었지 넌 어디있니하늘은 이렇게 맑은데비에 젖은 내 마음을따뜻하게도 비춰주던 너는나에게 햇살같아그런널 왜 난 보냈을까Good byeSo hard to lose but easy to repeat푹 숙인 얼굴 날 알아봤을까I'm losing my breathe잊고 싶던 아픈 기억들날 더 힘들게해시간가는 줄도 모르고나눴던 수많은 밤과 사랑노래꿈보다 달콤했지쉽게 포기한건아닌지우연히널 마주친 순간내 마음 들킬까봐 뒤돌아섰어널 잡았다면그런 널 왜 난 보냈을까 우리 걷던 이길위에흘러나오던 멜로디 흥얼거렸었지 넌 어디있니하늘은 이렇게 맑은데비에 젖은 내 마음을따뜻하게도 비춰주던 너는나에게 햇살같아그런널 왜 난 보냈을까Good bye,1
알 수 없다눈 뜨고 꿈꾸는 기분일까괜히 가슴이 소란스러워지고그리움도 경험해본다내게 짓던 웃음이 참 예뻤지만네 맘은 항상 표정을 짓지 않아상처 난 것들을 보여주면서치유 받길 거절하는 널 보며내가 할 게 못 되는구나 힘들다시간 지나면 다 없었던 일잠시 미쳤다 생각했는데사랑이었다 사랑이었다이제 와 보니 사랑한 거였다나답지 않던 말과 행동이멋대로 굴고 있는 심장이사랑이었다 사랑이었다나보다 소중한 게 있었다언제쯤 넌 내 이름 불러줄까널 꺾는다고 그 향기가 내 게 될까넌 쓸쓸함에 대해 얘기하면서안아주려는 내 손을 밀쳤어체념할 자격도 없는 나 괴롭다시간 지나면 다 없었던 일잠시 미쳤다 생각했는데사랑이었다 사랑이었다이제 와 보니 사랑한 거였다나답지 않던 말과 행동이멋대로 굴고 있는 심장이사랑이었다 사랑이었다나보다 소중한 게 있었다이제 더 이상은특별함을 찾지 않아널 쫓느라 두고 간원래의 나를 찾아혼자 한 사랑은스스로 이별해야 되네시간 지나면 다 없었던 일잠시 미쳤다 생각했는데사랑이었다 사랑이었다이제 와 보니 사랑한 거였다나답지 않던 말과 행동이멋대로 굴고 있는 심장이사랑이었다 사랑이었다나보다 소중한 게 있었다나보다 소중한 게 있었다,1
해가 뜨고 다시 지는 것에연연하였던 나의 작은방텅 빈 마음 노랠 불러봤자누군가에겐 소음일 테니꼭 다문 입 그 새로 삐져나온보잘것없는 나의 한숨에나 들으라고 내쉰 숨이 더냐아버지 내게 물으시고제 발 저려 난 답할 수 없었네우리는 우리는어째서어른이 된 걸까하루하루가참 무거운 짐이야더는 못 갈 거야꿈과 책과 힘과 벽 사이를눈치 보기에 바쁜 나날들소년이여 야망을 가져라무책임한 격언 따위에저 바다를 호령하는 거야어처구니없던 나의 어린 꿈가질 수 없음을 알게 되던 날두드러기처럼 돋은 심술이끝내 그 이름 더럽히고 말았네우리는 우리는어째서어른이 된 걸까하루하루가참 무거운 짐이야더는 못 간대두멈춰 선 남겨진날 보면어떤 맘이 들까하루하루가참 무서운 밤인 걸잘도 버티는 넌하루하루가참 무서운 밤인 걸자고 나면 괜찮아질 거야하루는 더 어른이 될 테니무덤덤한 그 눈빛을 기억해어릴 적 본 그들의 눈을우린 조금씩 닮아야 할 거야,1
어쩌자고 난 널 알아봤을까또 어쩌자고 난 너에게 다가갔을까떠날 수도 없는 이젠너를 뒤에 두고 걸어도보이는 것은 니 모습뿐인걸언젠가 니가 했던 아픈 말서로를 만나지 않았다면덜 힘들었을까 너는울고 있다 참고 있다고갤 든다 아프게 웃는다노을빛 웃음 온 세상 물들이고 있다보고 싶다 안고 싶다니 곁에 있고 싶다 아파도너의 곁에 잠들고 싶다처음 그 날부터 뒷걸음질 친 너또 처음 그 날부터 이별을 떠올렸던 나널 너무 갖고 싶어도외면할수 없었던 것들차가운 세상 서글픈 계산들아무리 조심해도 애써도아무리 아닌 척 밀어내도이미 난 니가 좋아보고싶다 달려간다등 두드린다 넌 놀라 웃는다동그란 웃음 온세상 다 어루 만진다울지마라 가지마라이제는 머물러라 내곁에넌 따뜻한 나의 봄인걸아직 망설이는 니 마음앞에그래도 멈추지 못할 내 마음내겐 남은 두려움 너를 안고 안아내품이 편해질 때 까지울고있다 참고있다고갤 든다 아프게 웃는다노을빛 웃음 온세상 물들이고 있다울지마라 가지마라이제는 머물러라 내곁에넌 따뜻한 나의 봄인걸마침내 만나게 된너는 나의 따뜻한 봄이다,1
꿈에서도 그리운 목소리는이름 불러도 대답을 하지 않아글썽이는 그 메아리만 돌아와그 소리를 나 혼자서 들어깨어질 듯이 차가워도이번에는 결코 놓지 않을게아득히 멀어진 그날의 두 손을끝없이 길었던짙고 어두운 밤 사이로조용히 사라진 네 소원을 알아오래 기다릴게반드시 너를 찾을게보이지 않도록 멀어도가자 이 새벽이 끝나는 곳으로어김없이 내 앞에 선 그 아이는고개 숙여도 기어이 울지 않아안쓰러워 손을 뻗으면 달아나텅 빈 허공을 나 혼자 껴안아에어질 듯이 아파와도 이번에는 결코 잊지 않을게한참을 외로이 기다린 그 말을끝없이 길었던짙고 어두운 밤 사이로영원히 사라진 네 소원을 알아오래 기다릴게반드시 너를 찾을게보이지 않도록 멀어도가자 이 새벽이 끝나는 곳수없이 잃었던춥고 모진 날 사이로조용히 잊혀진 네 이름을 알아멈추지 않을게몇 번이라도 외칠게믿을 수 없도록 멀어도가자 이 새벽이 끝나는 곳으로,1
이젠 다 잊어 버린 걸아니 다 잃어 버렸나답을 쫓아 왔는데질문을 두고 온거야돌아서던 길목이었어 집에 돌아가 누우면나는 어떤 표정 지을까슬픔은 손 흔들며오는 건지 가는 건지저 어디쯤에 서 있을 텐데“이봐 젊은 친구야잃어버린 것들은 잃어버린 그 자리에가끔 뒤 돌아 보면은슬픔 아는 빛으로 피어-“나는 나를 미워하고그런 내가 또 좋아지고자꾸만 아른대는행복이란 단어들에몸서리 친 적도 있어요“이봐 젊은 친구야잃어버린 것들은 잃어버린 그 자리에가끔 뒤 돌아 보면은슬픔 아는 빛으로 피어““저 봐 손을 흔들잖아슬픔이여 안녕- 우우-“바람 불었고 눈 비 날렸고한 계절 꽃도 피웠고 안녕 안녕구름 하얗고 하늘 파랗고한 시절 나는 자랐고 안녕 안녕,1
손을 뻗어줘 내 목을 감싸줘좀 더 아래 내 어깰 주물러 줘지쳐버린 하루 끝이미 해가 떴어도난 이제야 눈을 감으니남들보다 늦게 문을 닫는나의 하루에장난스럽게 귓볼을 간지럽히며하루 종일 다른 세상에있었어도 우린항상 하루 끝은 함께 하니까너의 그 작은 어깨가너의 그 작은 두 손이지친 내 하루 끝포근한 이불이 되고수고했어요 정말 고생했어요네게도 내 어깨가뭉툭한 나의 두 손이지친 너의 하루 끝포근한 위로가 되기를자연스레 너와 숨을 맞추고파빈틈없이 널 감싸 안는욕조 속 물처럼따뜻하게 또 하나도 빈틈없게서툰 실수가 가득했던창피한 내 하루 끝엔너란 자랑거리 날 기다리니너의 그 작은 어깨가너의 그 작은 두 손이지친 내 하루 끝포근한 이불이 되고수고했어요 정말 고생했어요네게도 내 어깨가뭉툭한 나의 두 손이지친 너의 하루 끝포근한 위로가 되기를자연스레 너와 숨을 맞추고파맘껏 울 수도또 맘껏 웃을 수도 없는지친 하루의 끝그래도 그대 옆이면어린아이처럼 칭얼대다숨 넘어가듯 웃다나도 어색해진 나를 만나죠수고했어요 정말 고생했어요그댄 나의 자랑이죠,1
어떤 말로 표현해야그대 알 수 있을까요어떤 맘을 담아내야만그대에게 전해질까하루 종일 눈에 아른거려서똑같은 매일을 보내고 있다고나의 맘이 부담이 돼그대가 달아날까 봐함께 있는 지금만으로도충분하다 생각했지만점점 커지는그댈 향한 마음에이젠 말을 하고 싶죠그댈 사랑하고 있어요꽤 오래전부터그대를 처음 본 후 지금까지내 마음이 한순간 네게 움찔했죠그때부터 나의세상은 달라졌죠그댄 아마 모르겠죠나의 이런 마음들을요동치는 소리까지도꼭 숨겼으니까난 아직도 많이 겁이 나지만이제는 용기 내볼게요그댈 사랑하고 있어요꽤 오래전부터그대를 처음 본 후 지금까지내 마음이 한순간 네게 움찔했죠그때부터 나의 세상은 달라졌죠곁에 있는 지금도 행복해여태껏 아껴뒀던 말그댈 사랑하고 있어요꽤 오래전부터혹시 그대도 나와 같길 기도하며내 마음이 한순간 네게 움찔했죠그때부터 나의 세상은 달라졌죠,1
언제였던 건지 기억나지 않아자꾸 내 머리가 너로 어지럽던 시작한 두 번씩 떠오르던 생각자꾸 늘어가서 조금 당황스러운 이 마음별일이 아닐 수 있다고 사소한 마음이라고내가 내게 자꾸 말을 하는 게 어색한걸사랑인가요 그대 나와 같다면 시작인가요맘이 자꾸 그댈 사랑한대요온 세상이 듣도록 소리치네요왜 이제야 들리죠 우서로를 만나기 위해 이제야 사랑 찾았다고지금 내 마음을 설명하려 해도네가 내가 되어 맘을 느끼는 방법뿐인데이미 난 니 안에 있는 걸 내 안에 니가 있듯이우린 서로에게이미 길들여 진지 몰라사랑인가요 그대 나와 같다면 시작인가요맘이 자꾸 그댈 사랑한대요온 세상이 듣도록 소리치네요왜 이제야 들리죠 우서로를 만나기 위해이제야 사랑 찾았다고생각해보면생각해보면 많은 순간 속에얼마나 많은 설렘 있었는지조금 늦은 그만큼 난 더 잘해 줄게요함께 할게요 추억이 될 기억만 선물할게요다신 내 곁에서 떠나지 마요짧은 순간조차도 불안한 걸요내게 머물러줘요 우그댈 이렇게 많이그토록 많이사랑하고 있어요그대여야만이미,1
알 수 없다눈 뜨고 꿈꾸는 기분일까괜히 가슴이 소란스러워지고그리움도 경험해본다내게 짓던 웃음이 참 예뻤지만네 맘은 항상 표정을 짓지 않아상처 난 것들을 보여주면서치유받길 거절하는 널 보며내가 할 게 못 되는구나 힘들다시간 지나면 다 없었던 일잠시 미쳤다 생각했는데사랑이었다 사랑이었다이제 와 보니 사랑한 거였다나답지 않던 말과 행동이멋대로 굴고 있는 심장이사랑이었다 사랑이었다나보다 소중한 게 있었다언제쯤 넌 내 이름 불러줄까널 꺾는다고 그 향기가 내 게 될까넌 쓸쓸함에 대해 얘기하면서안아주려는 내 손을 밀쳤어체념할 자격도 없는 나 괴롭다시간 지나면 다 없었던 일잠시 미쳤다 생각했는데사랑이었다 사랑이었다이제 와 보니 사랑한 거였다나답지 않던 말과 행동이멋대로 굴고 있는 심장이사랑이었다 사랑이었다나보다 소중한 게 있었다이제 더 이상은 특별함을 찾지 않아널 쫓느라 두고 간 원래의 나를 찾아혼자 한 사랑은 스스로 이별해야 되네시간 지나면 다 없었던 일잠시 미쳤다 생각했는데사랑이었다 사랑이었다이제 와 보니 사랑한 거였다나답지 않던 말과 행동이멋대로 굴고 있는 심장이사랑이었다 사랑이었다나보다 소중한 게 있었다나보다 소중한 게 있었다,1
별 하나 있고너 하나 있는그곳이 내 오랜 밤이었어사랑해란 말이 머뭇거리어도거짓은 없었어넌 화나 있고참 조용했던그곳이 내 오랜 밤이었어어둠 속에서도 잠 이루지 못해흐느껴오는 너의 목소리그대 곁이면그저 곁에서만 있어도행복했단 걸그 사실까지 나쁘게추억 말아요오랜 날오랜 밤 동안정말 사랑했어요어쩔 수 없었다는 건말도 안 될 거라 생각하겠지만밉게 날기억하지는 말아줄래요아직도 잘 모르겠어당신의 흔적이지울 수 없이 소중해잘 자요 안녕그 말 끝으로흐른 시간은 오랜 날 같았어우린 서로에게깊어져 있었고난 그게 두려워넌 가만있고나도 그러했던순간은 우리 오랜 날 함께한 시간을아무런 의미도 없듯이추억만 하게 하겠죠그대 곁이면그저 곁에서만 있어도보고 싶고 또 행복했어그건 진심이었소오랜 날오랜 밤 동안정말 사랑했어요어쩔 수 없었다는 건말도 안 될 거라 생각하겠지만밉게 날기억하지는 말아줄래요아직도 잘 모르겠어당신의 흔적이지울 수 없이 소중해하늘이 참 뿌옇고맘을 다잡아야 하죠이젠 마지막 목소리마지막 안녕밉게 날기억하지는 말아줄래요아직도 잘 모르겠어당신의 흔적이지울 수 없이 소중해,1
찢어진 종잇조각에 담아낸 나의 진심에선명해져 somethin' bout youYeah 나를 많이 닮은 듯 다른넌 혹시 나와 같을까 지금괜한 기대를 해하루 한 달 일 년쯤 되면서로 다른 일상을 살아가나는 아니야쉽지 않을 것 같아여전하게도 넌 내 하루하루를 채우고아직은 아니야바보처럼 되뇌는 나입가에 맴도는 말을 삼킬 수 없어It’s not fineAh- Ah- Ah- Ah- It’s not fine머릴 질끈 묶은 채어지러운 방을 정리해찾고 있어 somethin' new가끔 이렇게 감당할 수 없는뭐라도 해야 할 것만 같은 기분에괜히 움직이곤 해하루 한 달 일 년 그 쯤이면웃으며 추억할 거라 했지만나는 아니야쉽지 않을 것 같아여전하게도 넌 내 하루하루를 채우고아직은 아니야바보처럼 되뇌는 나입가에 맴도는 말을 삼킬 수 없어It’s not fineAh- Ah- Ah- Ah- It’s not fine의미 없는 농담 주고받는 대화사람들 틈에 난 아무렇지 않아 보여무딘 척 웃음을 지어 보이며너란 그늘을 애써 외면해보지만우리 마지막그 순간이 자꾸 떠올라잘 지내란 말이 전부였던 담담한 이별아직은 아니야바보처럼 되뇌는 그 말입가에 맴도는 말을 삼킬 수 없어 It’s not fineAh- Ah- Ah- It’s not fineAh- Ah- Ah- It’s not fine,1
창밖으로 하나둘씩불빛이 꺼질 때쯤이면하늘에 편지를 써날 떠나 다른 사람에게 갔던너를 잊을 수 없으니내 눈물 모아서 하늘에너의 사랑이 아니라도네가 나를 찾으면 너의 곁에키를 낮춰 눕겠다고잊혀지지 않으므로 널그저 사랑하겠다고그대여 난 기다릴 거예요내 눈물의 편지 하늘에 닿으면언젠가 그대 돌아오겠죠 내게로난 믿을 거예요 눈물 모아너의 사랑이 아니라도네가 나를 찾으면 너의 곁에키를 낮춰 눕겠다고잊혀지지 않으므로 널그저 사랑하겠다고그대여 난 기다릴 거예요내 눈물의 편지 하늘에 닿으면언젠가 그대 돌아오겠죠 내게로그대여 난 기다릴 거예요내 눈물의 편지 하늘에 닿으면언젠가 그대 돌아오겠죠 내게로난 믿을 거예요 눈물 모아,1
첨엔 혼자라는 게 편했지자유로운 선택과 시간에너의 기억을 지운 듯 했어정말 난 그런 줄로 믿었어하지만 말야 이른 아침혼자 눈을 뜰 때내 곁에 니가 없다는사실을 알게 될 때면나도 모를 눈물이 흘러변한 건 없니 날 웃게 했던예전 그 말투도 여전히 그대로니난 달라졌어 예전만큼 웃질 않고좀 야위었어 널 만날 때 보다나를 이해해 준 지난 날을너의 구속이라 착각했지남자다운 거라며 너에겐사랑한단 말조차 못했어하지만 말야빈 종이에 가득 너의 이름쓰면서 네게 전화를 걸어너의 음성 들을 때나도 모를 눈물이 흘러변한 건 없니 내가 그토록사랑한 미소도 여전히 아름답니난 달라졌어 예전만큼 웃질 않고좀 야위었어 널 만날 때 보다그는 어떠니 우리 함께한 날들잊을 만큼 너에게 잘해주니행복해야 돼 나의 모자람채워줄 좋은 사람 만났으니까,1
이젠 당신이 그립지 않죠보고 싶은 마음도 없죠사랑한 것도 잊혀 가네요조용하게알 수 없는 건 그런 내 맘이비가 오면 눈물이 나요아주 오래 전 당신 떠나던그날처럼이젠 괜찮은데 사랑 따윈 저버렸는데바보 같은 난 눈물이 날까아련해지는 빛 바랜 추억그 얼마나 사무친 건지미운 당신을 아직도 나는그리워하네이젠 괜찮은데 사랑 따윈 저버렸는데바보 같은 난 눈물이 날까다신 안 올 텐데 잊지 못한 내가 싫은데언제까지나 맘은 아플까,1
